Open time,Open,High,Low,Close
10/14/2018,6332.92,6416,6308,6339.34
10/15/2018,6339.34,7680,6300,6752.5
10/16/2018,6752.5,6900,6670,6759.27
10/17/2018,6762.76,6811.12,6676.01,6740.89
10/18/2018,6739.01,6796,6567,6618.96
10/19/2018,6618.96,6648.14,6523,6528.88
10/20/2018,6528.88,6617.65,6505.55,6588.4
10/21/2018,6585.72,6663.9,6580,6590.11
10/22/2018,6590.12,6639,6535.27,6581.2
10/23/2018,6581.2,6595,6515.45,6553.51
10/24/2018,6553.51,6630,6547.53,6565.5
10/25/2018,6566.81,6575.09,6502.8,6528.09
10/26/2018,6528.13,6600,6515.01,6538.63
10/27/2018,6538.63,6558.35,6463.04,6505.6
10/28/2018,6505.6,6514.17,6453,6489.93
10/29/2018,6489.93,6505.01,6315,6344.5
10/30/2018,6344.5,6395,6317.01,6330.87
10/31/2018,6330.01,6428,6245.02,6371.93
11/1/2018,6369.52,6442.65,6348.66,6410
11/2/2018,6410,6460.34,6388.2,6433.98
11/3/2018,6432.8,6439.97,6345,6387.09
11/4/2018,6388,6525,6359,6485.85
11/5/2018,6485.85,6504.39,6431.02,6468.99
11/6/2018,6468.99,6531.31,6445.18,6519.11
11/7/2018,6522.73,6615.15,6509,6578.46
11/8/2018,6578.46,6594,6468.22,6479.84
11/9/2018,6479.84,6511.53,6391.01,6419.99
11/10/2018,6419.99,6475.55,6411,6433.05
11/11/2018,6435.16,6462.14,6355,6449.81
11/12/2018,6450.71,6497,6421,6453.07
11/13/2018,6451.68,6498,6391.15,6457.66
11/14/2018,6458.98,6482.84,5656.87,5922.41
11/15/2018,5917.2,5939.54,5403.42,5753.4
11/16/2018,5757.09,5782.89,5549.25,5655.94
11/17/2018,5650.57,5656.6,5565.43,5628.29
11/18/2018,5630.49,5738.17,5617,5662
11/19/2018,5661.94,5664,4855,4910.03
11/20/2018,4913.4,5048.24,4326,4558.86
11/21/2018,4559.91,4787.2,4413.85,4661.07
11/22/2018,4661.08,4721.77,4335,4370
11/23/2018,4370.9,4484,4222.94,4420.61
11/24/2018,4415.63,4527,3824.69,3932.44
11/25/2018,3933.68,4233,3652.66,4085.78
11/26/2018,4088.69,4206,3701,3862.2
11/27/2018,3864.45,3940,3689.12,3875.21
11/28/2018,3875.63,4394.47,3874.27,4264.85
11/29/2018,4262.06,4450.38,4125.65,4295.84
11/30/2018,4295.72,4341.36,3943,4041.32
12/1/2018,4041.27,4299.99,3963.01,4190.02
12/2/2018,4190.98,4312.99,4103.04,4161.01
12/3/2018,4160.55,4179,3827,3884.01
12/4/2018,3884.76,4085,3781,3951.64
12/5/2018,3950.98,3970,3745,3769.84
12/6/2018,3768.44,3899.99,3500,3508.75
12/7/2018,3508.75,3549.99,3224.6,3403.55
12/8/2018,3403.57,3495,3222,3410.93
12/9/2018,3411.36,3658,3394.04,3545.37
12/10/2018,3548.49,3610,3370.11,3432.88
12/11/2018,3434.01,3480,3324.32,3380.39
12/12/2018,3379.23,3492,3350,3445
12/13/2018,3446.38,3460,3255.5,3302.06
12/14/2018,3302.06,3335.39,3177,3224.17
12/15/2018,3225.19,3276.5,3156.26,3211.72
12/16/2018,3211.71,3294,3186,3228.67
12/17/2018,3229.22,3585,3216,3509.08
12/18/2018,3509.03,3678.59,3424.47,3652.98
12/19/2018,3653,3912.73,3622.55,3662.22
12/20/2018,3660.01,4120,3635,4049.62
12/21/2018,4051.86,4139.99,3764,3838.66
12/22/2018,3840.25,3979,3785,3948.91
12/23/2018,3948.91,4021.53,3870,3929.71
12/24/2018,3929.71,4198,3924.83,4008.01
12/25/2018,4010.11,4020,3646.41,3745.79
12/26/2018,3745.56,3837.15,3656.74,3777.74
12/27/2018,3777.74,3813.98,3535,3567.91
12/28/2018,3567.89,3887.25,3540.04,3839.26
12/29/2018,3839,3892,3670,3695.32
12/30/2018,3696.71,3903.5,3657.9,3801.91
12/31/2018,3803.12,3810,3630.33,3702.9
1/1/2019,3701.23,3810.16,3642,3797.14
1/2/2019,3796.45,3882.14,3750.45,3858.56
1/3/2019,3857.57,3862.74,3730,3766.78
1/4/2019,3767.2,3823.64,3703.57,3792.01
1/5/2019,3790.09,3840.99,3751,3770.96
1/6/2019,3771.12,4027.71,3740,3987.6
1/7/2019,3987.62,4017.9,3921.53,3975.45
1/8/2019,3976.76,4069.8,3903,3955.13
1/9/2019,3955.45,4006.81,3930.04,3966.65
1/10/2019,3966.06,3996.01,3540,3585.88
1/11/2019,3585.88,3658,3465,3601.31
1/12/2019,3601.31,3618.19,3530,3583.13
1/13/2019,3584.1,3611.1,3441.3,3476.81
1/14/2019,3477.56,3671.87,3467.02,3626.09
1/15/2019,3626.08,3648.42,3516.62,3553.06
1/16/2019,3553.06,3645,3543.51,3591.84
1/17/2019,3591.84,3634.7,3530.39,3616.21
1/18/2019,3613.32,3620,3565.75,3594.87
1/19/2019,3594.87,3720,3594.23,3665.3
1/20/2019,3665.75,3693.73,3475,3539.28
1/21/2019,3539.26,3559.51,3475.5,3526.9
1/22/2019,3526.88,3608.5,3434.85,3570.93
1/23/2019,3570.41,3607.98,3514.5,3552.82
1/24/2019,3552.97,3589,3529.22,3569.62
1/25/2019,3569.07,3587.15,3522.51,3565.29
1/26/2019,3566.69,3662.94,3545,3565.25
1/27/2019,3565.62,3579,3486,3550.84
1/28/2019,3550.05,3557.75,3380.27,3434.15
1/29/2019,3434,3443.45,3349.92,3411.04
1/30/2019,3410.04,3478,3387.1,3458.18
1/31/2019,3457.5,3489.2,3418.8,3434.1
2/1/2019,3434.1,3488,3401.2,3462.07
2/2/2019,3462.2,3526.4,3440.29,3504.77
2/3/2019,3504.06,3511.09,3426,3458.11
2/4/2019,3458.11,3484.88,3433.31,3463.22
2/5/2019,3463.22,3478.97,3448.43,3471.59
2/6/2019,3471.57,3482.72,3380,3405.37
2/7/2019,3407,3426.45,3390,3398.4
2/8/2019,3398.4,3733.58,3373.1,3659.04
2/9/2019,3660.27,3680.02,3625.13,3665.18
2/10/2019,3665.18,3684.99,3609.76,3680.06
2/11/2019,3679.75,3684.9,3615.53,3631.05
2/12/2019,3631.05,3667.6,3582.34,3631.46
2/13/2019,3631.51,3670,3591.75,3609.4
2/14/2019,3608.34,3626.4,3568.11,3590.56
2/15/2019,3590.57,3653.23,3573.45,3602.47
2/16/2019,3602.49,3648.2,3597.91,3618.41
2/17/2019,3617.22,3700.11,3604.4,3667.58
2/18/2019,3667.62,3925,3655,3898.6
2/19/2019,3897.35,3994.52,3856,3907.79
2/20/2019,3907.35,3986.98,3870.66,3969.74
2/21/2019,3969.74,4016.48,3901.03,3937.31
2/22/2019,3937.31,3988,3926.65,3962
2/23/2019,3962,4162.02,3933.15,4117.76
2/24/2019,4118,4198,3712.66,3743.56
2/25/2019,3743.56,3872.66,3740,3827.92
2/26/2019,3828.44,3841.51,3777,3809.23
2/27/2019,3809.31,3838.85,3677.17,3818.07
2/28/2019,3818.04,3888,3763.87,3813.69
3/1/2019,3814.26,3857,3813.01,3823
3/2/2019,3822.17,3841.31,3772.25,3819.93
3/3/2019,3819.97,3835,3781.32,3807.75
3/4/2019,3807.32,3830,3670.69,3715.3
3/5/2019,3716.1,3877.1,3703.55,3857.73
3/6/2019,3857.58,3907,3813.09,3861.84
3/7/2019,3861.84,3905.4,3840.4,3873.64
3/8/2019,3873.63,3932,3800,3864.89
3/9/2019,3864.88,3971.75,3854.75,3943.04
3/10/2019,3943.43,3943.43,3881.69,3916.82
3/11/2019,3915.99,3936.98,3830,3871.61
3/12/2019,3871.61,3905.2,3826.06,3882.73
3/13/2019,3882.69,3893.56,3840,3866
3/14/2019,3866,3920,3810.43,3877.12
3/15/2019,3877.12,3939.22,3872.2,3923.76
3/16/2019,3924.46,4056.98,3921.98,4005.98
3/17/2019,4005.98,4012,3950.01,3981.14
3/18/2019,3981.85,4037,3953.33,3987.81
3/19/2019,3987.83,4031,3970,4015.53
3/20/2019,4017.48,4050,3980.5,4043.04
3/21/2019,4043.04,4069.32,3880.01,3980.64
3/22/2019,3980.85,4008,3968.25,3986.93
3/23/2019,3987.89,4018.83,3978.01,4006.01
3/24/2019,4006.01,4006.02,3950,3992.18
3/25/2019,3991.35,3999.3,3888.71,3936.12
3/26/2019,3935.47,3958.98,3894,3948.55
3/27/2019,3948.77,4048,3936.15,4038.05
3/28/2019,4039.58,4039.7,4002,4027.81
3/29/2019,4028.22,4123.71,4024.03,4103.25
3/30/2019,4104.24,4140,4052,4106.97
3/31/2019,4106.99,4116.12,4082.57,4103.95
4/1/2019,4102.44,4158.7,4067,4144.56
4/2/2019,4144.54,4897.99,4140.54,4857.29
4/3/2019,4857.19,5275.01,4753.5,4932.6
4/4/2019,4932.59,5039.08,4777,4898.66
4/5/2019,4898.64,5028.22,4880.62,5004.95
4/6/2019,5004.96,5205,4928.59,5043.89
4/7/2019,5042.07,5234,5026,5170.27
4/8/2019,5170.27,5305,5039,5236.9
4/9/2019,5238.38,5238.4,5076.68,5150
4/10/2019,5150,5422,5135,5308.25
4/11/2019,5307.86,5332.67,4927,5017.37
4/12/2019,5017.37,5080.58,4861.22,5048.01
4/13/2019,5047,5099,5004,5045.22
4/14/2019,5047.45,5152.99,5000,5131.3
4/15/2019,5131.28,5167.38,4950,5024.95
4/16/2019,5024.95,5197.72,5003.94,5173.72
4/17/2019,5173.72,5230.4,5146.8,5202.82
4/18/2019,5202.41,5287,5198.8,5258.44
4/19/2019,5258.44,5320,5175,5258.68
4/20/2019,5258.68,5333.42,5230.1,5291.73
4/21/2019,5292.91,5314.35,5165,5256.14
4/22/2019,5257.41,5400,5208.35,5357.14
4/23/2019,5357.14,5600,5332.41,5493.31
4/24/2019,5490.91,5582.2,5333.35,5415
4/25/2019,5415,5491.84,5102,5219.9
4/26/2019,5220.47,5510,5161.62,5314.1
4/27/2019,5315,5342.5,5257.67,5295.69
4/28/2019,5295.69,5340,5259.48,5307.52
4/29/2019,5309.81,5332,5178.8,5238.14
4/30/2019,5238.14,5339.98,5192.15,5320.81
5/1/2019,5321.94,5402,5316.2,5383.2
5/2/2019,5383.2,5538,5370,5492.87
5/3/2019,5494.81,5844,5477.57,5772.69
5/4/2019,5770.62,5900,5587.45,5829.45
5/5/2019,5829.83,5839.9,5696,5775.62
5/6/2019,5773.18,5805,5619.14,5747.79
5/7/2019,5749.92,6028.41,5747.74,5846.34
5/8/2019,5846.34,6014.72,5772.2,5987.29
5/9/2019,5986.66,6224.55,5983.71,6209.18
5/10/2019,6209.95,6468.92,6172,6373.33
5/11/2019,6375.16,7343.99,6372.85,7076.22
5/12/2019,7076.24,7521.78,6750,6967.31
5/13/2019,6968.24,8100,6870,7790.71
5/14/2019,7795.62,8366,7599.56,7947.56
5/15/2019,7945.26,8249,7850,8169.87
5/16/2019,8169.08,8320,7705,7866.59
5/17/2019,7868.67,7925,6913,7355.26
5/18/2019,7355.28,7458,7156.61,7257.45
5/19/2019,7257.32,8275.09,7243.08,8148.48
5/20/2019,8147.94,8156.03,7553,7938.15
5/21/2019,7937.16,8042.32,7771,7904.87
5/22/2019,7904.48,8016,7465,7628.43
5/23/2019,7627.8,7940.98,7461,7851.51
5/24/2019,7849.95,8130,7766,7964.87
5/25/2019,7964.52,8091.8,7908.34,8025.41
5/26/2019,8023,8740,7833.42,8614.43
5/27/2019,8612.54,8908.32,8589,8756.32
5/28/2019,8752.52,8798.49,8510.63,8715.64
5/29/2019,8716.87,8750,8406.6,8645.68
5/30/2019,8646.5,9074.26,8005,8269.54
5/31/2019,8267.1,8594,8108.5,8555
6/1/2019,8555,8626,8442.36,8544.07
6/2/2019,8545.1,8814.78,8524,8725.98
6/3/2019,8726,8800.95,8080.8,8115.82
6/4/2019,8115.66,8115.66,7481.02,7687.03
6/5/2019,7687.04,7896.7,7572.78,7776.5
6/6/2019,7778.08,7868.13,7444.58,7786.7
6/7/2019,7787.57,8100,7737.49,7980.53
6/8/2019,7978.94,8044.65,7751,7893.62
6/9/2019,7895.28,7935,7506.66,7628.13
6/10/2019,7627.57,8020,7511,7982.75
6/11/2019,7981,8010,7692.23,7884.9
6/12/2019,7884.9,8200,7788.99,8127.64
6/13/2019,8127.64,8309.82,8010.03,8218.54
6/14/2019,8216.44,8684.41,8144.32,8650
6/15/2019,8650.88,8864.99,8567.63,8808.7
6/16/2019,8810.77,9333,8760,8953.33
6/17/2019,8953,9444,8950,9313.96
6/18/2019,9312.13,9336.36,8950,9081.55
6/19/2019,9081.97,9304,8960,9255.49
6/20/2019,9253.76,9590,9175.2,9517.12
6/21/2019,9518.06,10174.99,9518.06,10159.86
6/22/2019,10159.86,11160,9921.72,10729.5
6/23/2019,10729,11392.64,10555.18,10906.07
6/24/2019,10905.95,11143.63,10620.8,11056.59
6/25/2019,11056.59,11850,11026,11820.86
6/26/2019,11821.28,13970,11741,13093.8
6/27/2019,13098.38,13478.04,10525.1,11329.99
6/28/2019,11329.99,12480,10982.88,12400.63
6/29/2019,12407.06,12441.54,11475.02,11903.13
6/30/2019,11903.13,12180,10766.03,10854.1
7/1/2019,10854.1,11282.28,10030,10624.93
7/2/2019,10624.9,10938.75,9727,10842.85
7/3/2019,10844.98,11991.89,10841.04,11940
7/4/2019,11940,12000,11055,11145.67
7/5/2019,11145.67,11406.83,10796.44,10970.73
7/6/2019,10982.41,11665,10964.51,11256.49
7/7/2019,11256.45,11538,11094.37,11406.24
7/8/2019,11410,12338.03,11220,12238.6
7/9/2019,12238.6,12794.73,12068,12543.41
7/10/2019,12548.51,13147.08,11569,12108.37
7/11/2019,12108.11,12111.73,11000,11342.89
7/12/2019,11342.88,11885,11073,11757.22
7/13/2019,11757.22,11799.98,10830,11355.76
7/14/2019,11355.78,11452,10103,10174.18
7/15/2019,10174.18,11100,9860,10838.72
7/16/2019,10833.78,11028,9350.01,9439.59
7/17/2019,9430.17,9957,9060,9667.92
7/18/2019,9668.86,10788,9252,10627.16
7/19/2019,10628.64,10769.71,10121.84,10504.29
7/20/2019,10505.78,11068.99,10350,10740.23
7/21/2019,10740.27,10817.9,10288,10589.45
7/22/2019,10590.15,10683.16,10100,10340.31
7/23/2019,10343.08,10343.97,9822,9864.91
7/24/2019,9864.78,9937,9525,9763.28
7/25/2019,9763.4,10175,9720.03,9879.87
7/26/2019,9882.15,9889.98,9637,9824
7/27/2019,9824,10188.66,9333,9476.52
7/28/2019,9478.92,9594.99,9165,9541.54
7/29/2019,9541.54,9729,9395,9507.64
7/30/2019,9509.07,9714.28,9402,9574.21
7/31/2019,9575,10109.8,9555,10080.53
8/1/2019,10080.53,10467.86,9863.46,10374.99
8/2/2019,10375,10670,10281.35,10523.75
8/3/2019,10523.75,10904.77,10497.93,10816.86
8/4/2019,10816.86,11040,10552,10929.23
8/5/2019,10929.99,11937.52,10927.8,11828.8
8/6/2019,11830,12330.7,11226.7,11481.69
8/7/2019,11481.69,12141.17,11382.84,11975.03
8/8/2019,11975.04,12060,11521,11999.77
8/9/2019,11994.17,12045.68,11700,11879.99
8/10/2019,11879.98,11985,11270,11309.31
8/11/2019,11309.24,11600,11112.11,11549.97
8/12/2019,11539.08,11577.89,11235.32,11396.08
8/13/2019,11398.35,11456.16,10788.45,10892.71
8/14/2019,10893.36,10897.48,9928.1,10050.37
8/15/2019,10055.16,10460,9911,10293.93
8/16/2019,10296.77,10536.03,9750,10331.54
8/17/2019,10331.15,10465.14,10000,10216.02
8/18/2019,10216.05,10500,10080,10306.78
8/19/2019,10306.17,10930,10258.6,10915.54
8/20/2019,10914.73,10949.96,10560,10760.51
8/21/2019,10760.51,10804.13,9858,10142.57
8/22/2019,10140.82,10242,9762,10099.88
8/23/2019,10099.9,10445,10019.79,10389.55
8/24/2019,10388.16,10419.42,9890,10134.35
8/25/2019,10134.61,10333,9906.97,10142.69
8/26/2019,10142.69,10604,10137.93,10372.25
8/27/2019,10373.6,10391.08,10051.08,10185.05
8/28/2019,10185.69,10299,9601.01,9721
8/29/2019,9721,9724,9320,9498.44
8/30/2019,9499.01,9696,9350.41,9584.54
8/31/2019,9582.76,9684.51,9420.75,9587.47
9/1/2019,9588.74,9830,9520,9724.98
9/2/2019,9723.59,10450,9712.5,10340
9/3/2019,10340,10773,10272,10615.28
9/4/2019,10611.85,10799,10369.89,10567.02
9/5/2019,10565.92,10900,10450,10564.49
9/6/2019,10563.13,10905.87,10150,10298.73
9/7/2019,10298.71,10558,10288.57,10455.88
9/8/2019,10455.9,10592.5,10208,10381.18
9/9/2019,10381.24,10480,10068.5,10303.12
9/10/2019,10302.58,10384.99,9953,10098.15
9/11/2019,10098.19,10293,9880,10158.33
9/12/2019,10158.75,10448.81,10040,10415.01
9/13/2019,10415.01,10439,10153,10342.06
9/14/2019,10344.13,10419.99,10222.33,10335.02
9/15/2019,10332.81,10360,10252.15,10302.01
9/16/2019,10303.34,10355,10078,10251.31
9/17/2019,10249.68,10275,10128.01,10187.82
9/18/2019,10187.48,10258.02,10100,10156.99
9/19/2019,10156.41,10325,9653,10244.29
9/20/2019,10243.7,10281,10061.39,10168.59
9/21/2019,10167.92,10176.7,9900,9986.39
9/22/2019,9985.15,10089,9853.97,10028.87
9/23/2019,10028.05,10049.99,9615.77,9702.25
9/24/2019,9702.2,9794.99,7800,8493.14
9/25/2019,8497.55,8730,8215.64,8430.05
9/26/2019,8430.05,8465.99,7750,8063.73
9/27/2019,8063.49,8265,7852.15,8177.91
9/28/2019,8177.47,8315,8001.09,8198.81
9/29/2019,8199.38,8229.13,7890,8043.82
9/30/2019,8043.04,8337.26,7710,8289.34
10/1/2019,8289.97,8500,8173.05,8292.44
10/2/2019,8292.67,8373.91,8151.22,8359.94
10/3/2019,8360,8393,8060,8223.96
10/4/2019,8224.43,8232.41,8005,8137.13
10/5/2019,8137.09,8183.41,8012.98,8126.19
10/6/2019,8127.55,8153.87,7785,7854.25
10/7/2019,7855.3,8299.92,7762,8190.09
10/8/2019,8190.82,8325,8088.75,8168.39
10/9/2019,8170.79,8670,8115,8560.74
10/10/2019,8562.15,8644,8414.52,8558.03
10/11/2019,8557.82,8779.51,8212.38,8258.5
10/12/2019,8257.95,8400,8250,8300.09
10/13/2019,8301.98,8451.37,8160,8275.01
10/14/2019,8275.24,8388.85,8203,8348.2
10/15/2019,8346.86,8403,8090,8159.29
10/16/2019,8159.3,8181.16,7917,7991.74
10/17/2019,7995.02,8124.92,7929.03,8070.58
10/18/2019,8070.71,8115,7816.01,7947.01
10/19/2019,7946.89,8098.1,7866.92,7948.01
10/20/2019,7949.87,8297,7870,8223.35
10/21/2019,8223.35,8333,8142.03,8197.27
10/22/2019,8197.28,8297.99,8000,8020
10/23/2019,8020.06,8047.59,7300,7466.62
10/24/2019,7468.47,7503.68,7337.99,7412.41
10/25/2019,7412.41,8799,7361,8655.02
10/26/2019,8655.88,10370,8470.38,9230
10/27/2019,9230,9794.98,9074.34,9529.93
10/28/2019,9528.23,9902.1,9160,9205.14
10/29/2019,9204.45,9550,9072,9407.62
10/30/2019,9407.62,9409.84,9001.01,9154.72
10/31/2019,9154.02,9405,8913,9140.85
11/1/2019,9140.86,9279,9030,9231.61
11/2/2019,9231.4,9373.74,9186.21,9289.52
11/3/2019,9289.85,9362.57,9066.14,9194.71
11/4/2019,9196.46,9513.68,9115.84,9393.35
11/5/2019,9392.4,9454.95,9175.76,9308.66
11/6/2019,9307.73,9440.91,9250.01,9339.05
11/7/2019,9339.16,9375,9101,9216.2
11/8/2019,9214,9261,8696,8773.73
11/9/2019,8773.74,8880,8724.88,8809.41
11/10/2019,8809.18,9147.19,8750,9039.47
11/11/2019,9040.16,9072.32,8618.68,8733.27
11/12/2019,8733.36,8888,8567.6,8821.94
11/13/2019,8821.91,8844.99,8702,8777.12
11/14/2019,8777.54,8800,8582.6,8646.68
11/15/2019,8646.38,8790,8400,8471.73
11/16/2019,8471.62,8543,8400,8491.02
11/17/2019,8490.74,8635,8350.68,8502.4
11/18/2019,8502.87,8503.52,8060,8187.17
11/19/2019,8186.5,8218.63,8003,8133.64
11/20/2019,8133.83,8264.29,8038.4,8098.01
11/21/2019,8098.56,8134.73,7500,7627.74
11/22/2019,7627.79,7750,6790,7268.23
11/23/2019,7268.23,7344.48,7080.01,7311.57
11/24/2019,7311.1,7330.39,6861,6903.28
11/25/2019,6900.23,7377.69,6515,7109.57
11/26/2019,7109.99,7340,7017.48,7156.14
11/27/2019,7154.75,7655,6840,7508.52
11/28/2019,7507.9,7643,7360,7419.49
11/29/2019,7418.52,7850,7362.3,7739.68
11/30/2019,7740.99,7810,7441,7541.89
12/1/2019,7540.63,7541.85,7210,7390.89
12/2/2019,7391.5,7420.56,7151.1,7294.28
12/3/2019,7294.42,7400,7241.35,7292.71
12/4/2019,7292.71,7750,7067,7194.32
12/5/2019,7194.59,7485,7150,7389
12/6/2019,7389,7590.03,7305,7527.47
12/7/2019,7527.8,7619.62,7470.16,7488.21
12/8/2019,7487.31,7564,7374.86,7510.11
12/9/2019,7510.11,7650,7273,7338.64
12/10/2019,7338.64,7407.6,7157.1,7224.13
12/11/2019,7224.15,7275.5,7125.66,7210
12/12/2019,7210,7295,7080.3,7198.08
12/13/2019,7197.76,7309.05,7190.76,7258.48
12/14/2019,7257.37,7271.77,7012,7064.05
12/15/2019,7064.14,7200.3,7008.35,7118.59
12/16/2019,7119.6,7150,6836,6891.72
12/17/2019,6891.44,6942.21,6560,6623.82
12/18/2019,6623.84,7440,6435,7277.83
12/19/2019,7277.83,7380,7038.31,7150.3
12/20/2019,7151.31,7220,7079.5,7187.83
12/21/2019,7188.01,7190.58,7105,7132.75
12/22/2019,7131.59,7518.54,7122.47,7501.44
12/23/2019,7500.71,7695.38,7265.84,7317.09
12/24/2019,7317.3,7436.68,7157.04,7255.77
12/25/2019,7255.77,7271.77,7128.86,7204.63
12/26/2019,7205.01,7435,7157.12,7202
12/27/2019,7202,7275.86,7076.42,7254.74
12/28/2019,7254.77,7365.01,7238.67,7316.14
12/29/2019,7315.36,7528.45,7288,7388.24
12/30/2019,7388.43,7408.24,7220,7246
12/31/2019,7246,7320,7145.01,7195.23
1/1/2020,7195.24,7255,7175.15,7200.85
1/2/2020,7200.77,7212.5,6924.74,6965.71
1/3/2020,6965.49,7405,6871.04,7344.96
1/4/2020,7345,7404,7272.21,7354.11
1/5/2020,7354.19,7495,7318,7358.75
1/6/2020,7357.64,7795.34,7346.76,7758
1/7/2020,7758.9,8207.68,7723.71,8145.28
1/8/2020,8145.92,8455,7870,8055.98
1/9/2020,8054.72,8055.96,7750,7817.76
1/10/2020,7817.74,8199,7672,8197.02
1/11/2020,8198.86,8286.34,8003.16,8020.01
1/12/2020,8020.01,8197,7960,8184.98
1/13/2020,8184.97,8196,8055.89,8110.34
1/14/2020,8110.34,8880,8105.54,8810.01
1/15/2020,8814.64,8916.48,8564,8821.41
1/16/2020,8820.01,8859.81,8586,8720.01
1/17/2020,8720.15,9041.65,8672.44,8913.28
1/18/2020,8913.27,8988.88,8806.38,8915.96
1/19/2020,8915.09,9198.98,8466,8701.7
1/20/2020,8701.72,8746.99,8521.28,8642.35
1/21/2020,8642.35,8789,8488,8736.03
1/22/2020,8736.04,8818,8590,8682.36
1/23/2020,8682.77,8691.81,8306.39,8404.52
1/24/2020,8404.52,8528.02,8238,8439
1/25/2020,8438.99,8451.26,8254.9,8340.58
1/26/2020,8340.01,8618.13,8293.66,8615
1/27/2020,8614.39,9000,8535,8907.57
1/28/2020,8907.57,9400,8862.4,9374.21
1/29/2020,9375.34,9449.24,9216,9301.53
1/30/2020,9301.57,9578,9204.44,9513.21
1/31/2020,9511.52,9530.22,9210.01,9352.89
2/1/2020,9351.71,9464.53,9281,9384.61
2/2/2020,9384.41,9477.03,9120,9331.51
2/3/2020,9331.59,9618.79,9234,9292.24
2/4/2020,9291.35,9350,9093.01,9197.02
2/5/2020,9197.02,9744.45,9177.22,9612.04
2/6/2020,9612.03,9862.57,9526.35,9772
2/7/2020,9772,9885,9730,9813.73
2/8/2020,9813.87,9940,9667.11,9895.05
2/9/2020,9895.04,10166,9880.75,10151.75
2/10/2020,10151.72,10188,9756,9851.83
2/11/2020,9851.74,10323.59,9700,10223.08
2/12/2020,10223.08,10450,10223.08,10326.46
2/13/2020,10325.33,10500,10080,10229.63
2/14/2020,10227.78,10381.56,10111.37,10344.36
2/15/2020,10344.36,10375,9801,9904.72
2/16/2020,9904.46,10050,9638.12,9917.27
2/17/2020,9910.7,9964.16,9452.67,9706
2/18/2020,9706,10250,9576.01,10164.71
2/19/2020,10164.78,10250,9350,9593.79
2/20/2020,9594.65,9699,9400,9596.42
2/21/2020,9597.21,9755.51,9550.21,9677.05
2/22/2020,9677.05,9709.17,9560.02,9650.86
2/23/2020,9650.85,9990,9645,9936.4
2/24/2020,9936.4,9990,9473.56,9656.13
2/25/2020,9655.52,9675,9250,9315.84
2/26/2020,9316.48,9377.44,8633.63,8785.25
2/27/2020,8786,8971.77,8531,8823.21
2/28/2020,8823.25,8900,8445,8692.91
2/29/2020,8690.8,8790,8523.55,8523.61
3/1/2020,8523.61,8750,8411,8531.88
3/2/2020,8530.3,8965.75,8498,8915.24
3/3/2020,8911.18,8919.65,8651,8760.07
3/4/2020,8760.07,8848.29,8660,8750.87
3/5/2020,8750.99,9159.42,8746.54,9054.68
3/6/2020,9054.64,9170,8985.5,9131.88
3/7/2020,9130.89,9188,8835,8886.66
3/8/2020,8885.25,8886.76,8000,8033.31
3/9/2020,8034.76,8179.31,7632.01,7929.87
3/10/2020,7929.87,8149,7728.01,7894.56
3/11/2020,7894.57,7980,7590,7934.52
3/12/2020,7934.58,7966.17,4410,4800
3/13/2020,4800.01,5955,3782.13,5578.6
3/14/2020,5576.05,5640.52,5055.13,5172.06
3/15/2020,5172.48,5940,5093.1,5361.3
3/16/2020,5360.33,5365.42,4442.12,5028.97
3/17/2020,5028.86,5525,4921.45,5312.64
3/18/2020,5312.64,5436.17,5009.37,5393.04
3/19/2020,5393.26,6400,5252.53,6162.37
3/20/2020,6162.05,6900,5670,6208.36
3/21/2020,6204.57,6456.98,5860.02,6186.98
3/22/2020,6187.04,6407.87,5734.01,5816.19
3/23/2020,5816.05,6600,5688,6467.31
3/24/2020,6465.25,6833,6371.33,6744.72
3/25/2020,6744.69,6957.96,6450,6677.43
3/26/2020,6677.42,6780,6510,6737.36
3/27/2020,6737.27,6842.59,6261,6359.11
3/28/2020,6359.11,6360,6024,6236.65
3/29/2020,6236.65,6266,5866.56,5881.42
3/30/2020,5880.5,6599,5857.76,6394.38
3/31/2020,6394.45,6523.23,6321.4,6410.44
4/1/2020,6412.14,6679.94,6150.11,6642.92
4/2/2020,6643.36,7198,6551,6794.09
4/3/2020,6793.86,7048,6602.1,6734.1
4/4/2020,6732.97,6990.41,6650.01,6856.99
4/5/2020,6857.41,6895.54,6677.52,6772.78
4/6/2020,6772.78,7355.14,6765,7329.9
4/7/2020,7329.9,7459.69,7077,7197.32
4/8/2020,7197.32,7420,7150,7361.28
4/9/2020,7360.26,7371.92,7108.08,7283.54
4/10/2020,7283.54,7295.75,6739.98,6858.92
4/11/2020,6858.92,6944.3,6760,6876.83
4/12/2020,6876.84,7177,6780,6903.79
4/13/2020,6903.79,6903.79,6575,6837.91
4/14/2020,6838.04,6978,6754.28,6868.7
4/15/2020,6868.57,6933,6605,6621.24
4/16/2020,6621.25,7190,6468.27,7101.94
4/17/2020,7101.99,7148.12,6972.98,7027.55
4/18/2020,7026.78,7293.08,7014.4,7248.6
4/19/2020,7248.6,7266.15,7055.6,7120.74
4/20/2020,7121.4,7220,6751,6826.83
4/21/2020,6828.98,6940,6762,6841.37
4/22/2020,6841.36,7156.38,6818,7125.14
4/23/2020,7125.12,7738,7020,7482.39
4/24/2020,7483.96,7615.96,7388,7505
4/25/2020,7505,7705,7431.07,7538.67
4/26/2020,7539.03,7700,7480,7693.1
4/27/2020,7693.1,7792.02,7606,7774.62
4/28/2020,7773.51,7780,7659.12,7738.98
4/29/2020,7738.58,8952.89,7710.05,8778.57
4/30/2020,8778.58,9460,8401,8620
5/1/2020,8620,9059.18,8613.56,8826.96
5/2/2020,8825.67,9010,8753,8972.05
5/3/2020,8972.58,9200,8712,8894.16
5/4/2020,8894.15,8950,8522,8871.96
5/5/2020,8871.92,9118.58,8760,9021.83
5/6/2020,9021.36,9395,8906.21,9142.92
5/7/2020,9143.4,10067,9021,9986.4
5/8/2020,9986.3,10035.96,9705,9800.01
5/9/2020,9800.02,9914.25,9520,9539.4
5/10/2020,9539.1,9574.83,8117,8722.77
5/11/2020,8722.77,9168,8200,8561.52
5/12/2020,8562.04,8978.26,8528.78,8810.79
5/13/2020,8810.99,9398,8792.99,9309.37
5/14/2020,9309.35,9939,9256.76,9791.98
5/15/2020,9791.97,9845.62,9150,9316.42
5/16/2020,9315.96,9588,9220,9381.27
5/17/2020,9380.81,9888,9322.1,9680.04
5/18/2020,9681.11,9950,9464.23,9733.93
5/19/2020,9733.93,9897.21,9474,9775.53
5/20/2020,9775.13,9842,9326,9511.43
5/21/2020,9511.43,9578.47,8815,9068.65
5/22/2020,9067.51,9271,8933.52,9170
5/23/2020,9170,9307.85,9070,9179.15
5/24/2020,9179.01,9298,8700,8720.34
5/25/2020,8718.14,8979.66,8642.72,8900.35
5/26/2020,8900.35,9017.67,8700,8841.18
5/27/2020,8841,9225,8811.73,9204.07
5/28/2020,9204.07,9625.47,9110,9575.89
5/29/2020,9575.87,9605.26,9330,9427.07
5/30/2020,9426.6,9740,9331.23,9697.72
5/31/2020,9697.72,9700,9381.41,9448.27
6/1/2020,9448.27,10380,9421.67,10200.77
6/2/2020,10202.71,10228.99,9266,9518.04
6/3/2020,9518.02,9690,9365.21,9666.24
6/4/2020,9666.32,9881.63,9450,9789.06
6/5/2020,9788.14,9854.75,9581,9621.16
6/6/2020,9621.17,9735,9531.05,9666.3
6/7/2020,9666.85,9802,9372.46,9746.99
6/8/2020,9746.99,9800,9633,9782.01
6/9/2020,9782,9877,9570,9772.43
6/10/2020,9772.44,9992.72,9704.18,9885
6/11/2020,9885.22,9964,9113,9280.4
6/12/2020,9278.88,9557.12,9232.51,9465.13
6/13/2020,9464.96,9494.73,9351,9473.34
6/14/2020,9473.34,9480.99,9245,9342.1
6/15/2020,9342.1,9495,8910.45,9426.02
6/16/2020,9426.05,9589,9373.09,9525.59
6/17/2020,9526.97,9565,9236.61,9465.14
6/18/2020,9465.13,9489,9280,9386.32
6/19/2020,9386.32,9438.3,9215.79,9310.23
6/20/2020,9310.23,9395,9170.95,9358.95
6/21/2020,9358.95,9422,9281.54,9294.69
6/22/2020,9294.69,9780,9277.09,9685.69
6/23/2020,9685.69,9720,9577.03,9624.89
6/24/2020,9624.33,9670,9208,9296.49
6/25/2020,9298.33,9340,9009.69,9249.49
6/26/2020,9249.49,9298,9045.45,9162.21
6/27/2020,9162.21,9196.24,8833,9012
6/28/2020,9012,9191,8948.06,9116.35
6/29/2020,9116.16,9238,9024.67,9192.56
6/30/2020,9192.93,9205,9064.89,9138.55
7/1/2020,9138.08,9292,9080.1,9232
7/2/2020,9231.99,9261.96,8940,9086.54
7/3/2020,9086.54,9125,9037.47,9058.26
7/4/2020,9057.79,9190,9040.04,9135.46
7/5/2020,9135,9145.24,8893.03,9069.41
7/6/2020,9069.41,9375,9055.92,9344.2
7/7/2020,9342.47,9379.42,9203,9257.39
7/8/2020,9257.4,9470,9231,9436.06
7/9/2020,9436.06,9440.79,9160,9232.43
7/10/2020,9232.42,9317.48,9125,9288.34
7/11/2020,9288.34,9299.28,9178.25,9234.03
7/12/2020,9234.02,9345,9157.5,9302.75
7/13/2020,9303.31,9343.82,9200.89,9242.62
7/14/2020,9242.61,9279.54,9113,9255.85
7/15/2020,9255.85,9276.49,9160.57,9197.6
7/16/2020,9197.6,9226.15,9047.25,9133.72
7/17/2020,9133.72,9186.83,9089.81,9154.32
7/18/2020,9154.31,9219.3,9121.1,9170.28
7/19/2020,9170.3,9232.27,9101.35,9208.99
7/20/2020,9208.99,9221.52,9131,9160.78
7/21/2020,9160.78,9437.73,9152.8,9390
7/22/2020,9390,9544,9261,9518.16
7/23/2020,9518.16,9664,9440.33,9603.27
7/24/2020,9603.27,9637,9463.44,9537.8
7/25/2020,9538.1,9732.9,9513,9700.42
7/26/2020,9700.42,10111,9650,9931.54
7/27/2020,9931.54,11394.86,9917.21,11029.96
7/28/2020,11029.96,11242.23,10565,10906.27
7/29/2020,10906.27,11342.82,10812,11100.53
7/30/2020,11100.52,11170,10831,11099.61
7/31/2020,11099.79,11444,10960,11335.46
8/1/2020,11335.46,11861,11220,11801.17
8/2/2020,11801.17,12123.46,10518.5,11071.35
8/3/2020,11071.36,11473,10936,11219.81
8/4/2020,11219.68,11414.98,11000,11191.97
8/5/2020,11191.99,11780.93,11093,11744.91
8/6/2020,11744.91,11900,11562.5,11762.46
8/7/2020,11762.47,11909.94,11322,11594.23
8/8/2020,11594.36,11808.27,11512,11761.41
8/9/2020,11761.02,11797.11,11521.97,11681.68
8/10/2020,11681.69,12067.35,11450,11892.92
8/11/2020,11892.9,11935,11125,11392.08
8/12/2020,11392.09,11617.52,11150,11564.33
8/13/2020,11564.34,11792.96,11270.36,11780
8/14/2020,11779.77,11850,11634.03,11760.54
8/15/2020,11760.55,11980,11680,11852.4
8/16/2020,11852.4,11931.72,11686,11911
8/17/2020,11910.99,12468,11769.78,12281.13
8/18/2020,12281.15,12387.77,11817.93,11945.01
8/19/2020,11945.1,12020.08,11561,11754.59
8/20/2020,11754.38,11888,11668,11853.55
8/21/2020,11853.54,11878,11485.81,11531.34
8/22/2020,11531.23,11686,11376.81,11662.96
8/23/2020,11663.51,11718.07,11514.13,11648.13
8/24/2020,11648.12,11824.9,11585.09,11748.2
8/25/2020,11748.19,11767.85,11117.64,11318.42
8/26/2020,11318.42,11539.32,11244,11461.43
8/27/2020,11461.42,11592.2,11125,11330.38
8/28/2020,11330.38,11542.65,11276.89,11526.91
8/29/2020,11526.9,11580.02,11417.04,11465.84
8/30/2020,11465.84,11719,11458,11711.16
8/31/2020,11711.17,11800.77,11570,11649.51
9/1/2020,11649.51,12050.85,11515,11921.97
9/2/2020,11921.97,11954.57,11160.1,11388.54
9/3/2020,11388.54,11462.6,9960.8,10140.85
9/4/2020,10138.29,10627.05,9875.5,10446.25
9/5/2020,10446.25,10565.68,9825,10166.69
9/6/2020,10166.69,10347.14,9994.86,10256.2
9/7/2020,10255.89,10410.75,9875,10373.44
9/8/2020,10373.45,10438,9850,10126.65
9/9/2020,10126.66,10343,9981.01,10219.2
9/10/2020,10219.29,10483.35,10070.83,10336.87
9/11/2020,10336.86,10397.6,10200,10387.89
9/12/2020,10387.89,10477.97,10269.25,10440.92
9/13/2020,10440.67,10580.11,10200,10332.83
9/14/2020,10332.84,10750,10212.34,10671.77
9/15/2020,10671.77,10930.04,10606.48,10785.31
9/16/2020,10785.23,11093,10661.22,10954.01
9/17/2020,10954.01,11045.46,10745.83,10939.99
9/18/2020,10940,11038.03,10812.84,10933.39
9/19/2020,10933.4,11179.79,10887.37,11080.65
9/20/2020,11080.64,11080.64,10723,10920.28
9/21/2020,10920.28,10988.86,10296.35,10417.22
9/22/2020,10417.22,10572.71,10353,10529.61
9/23/2020,10529.61,10537.15,10136.82,10241.46
9/24/2020,10241.46,10795.24,10190.93,10736.32
9/25/2020,10736.33,10760.53,10556.24,10686.67
9/26/2020,10686.57,10820.94,10644.68,10728.6
9/27/2020,10728.59,10799,10594.82,10774.25
9/28/2020,10774.26,10950,10626,10696.12
9/29/2020,10696.11,10867.54,10635.87,10840.48
9/30/2020,10840.58,10849.34,10665.13,10776.59
10/1/2020,10776.59,10920,10437,10619.13
10/2/2020,10619.13,10664.64,10374,10570.4
10/3/2020,10570.4,10603.56,10496.46,10542.06
10/4/2020,10542.07,10696.87,10517.87,10666.63
10/5/2020,10666.62,10798,10615.64,10792.21
10/6/2020,10792.2,10800,10525,10599.66
10/7/2020,10599.65,10681.87,10546.17,10666.39
10/8/2020,10666.4,10950,10530.41,10925.57
10/9/2020,10925.44,11104.64,10829,11050.64
10/10/2020,11050.64,11491,11050.51,11293.22
10/11/2020,11293.22,11445,11221,11369.02
10/12/2020,11369.02,11720.01,11172,11528.25
10/13/2020,11528.24,11557,11300,11420.56
10/14/2020,11420.57,11547.98,11280,11417.89
10/15/2020,11417.89,11617.34,11250.83,11505.12
10/16/2020,11505.13,11541.15,11200,11319.32
10/17/2020,11319.24,11402.42,11255,11360.2
10/18/2020,11360.31,11505,11346.22,11503.14
10/19/2020,11503.14,11823.99,11407.96,11751.47
10/20/2020,11751.46,12038.38,11677.59,11909.99
10/21/2020,11910,13217.68,11886.95,12780.96
10/22/2020,12780.75,13185,12678.08,12968.52
10/23/2020,12968.84,13027.69,12720.08,12923.07
10/24/2020,12923.06,13166.73,12870,13111.73
10/25/2020,13111.73,13350,12888,13028.83
10/26/2020,13029.64,13238.81,12765,13052.19
10/27/2020,13052.15,13789.29,13019.87,13636.17
10/28/2020,13636.16,13859.48,12888,13266.4
10/29/2020,13266.4,13642.91,12920.77,13455.7
10/30/2020,13455.69,13669.98,13115,13560.1
10/31/2020,13560.1,14100,13411.5,13791
11/1/2020,13791,13895,13603,13761.5
11/2/2020,13761.49,13830,13195.05,13549.37
11/3/2020,13549.63,14066.11,13284.99,14023.53
11/4/2020,14023.53,14259,13525,14144.01
11/5/2020,14144.01,15750,14093.56,15590.02
11/6/2020,15590.02,15960,15166,15579.92
11/7/2020,15579.93,15753.52,14344.22,14818.3
11/8/2020,14818.3,15650,14703.88,15475.1
11/9/2020,15475.1,15840,14805.54,15328.41
11/10/2020,15328.41,15460,15072.46,15297.21
11/11/2020,15297.21,15965,15272.68,15684.24
11/12/2020,15684.25,16340.7,15440.64,16291.86
11/13/2020,16291.85,16480,15952.35,16320.7
11/14/2020,16320.04,16326.99,15670,16070.45
11/15/2020,16069.56,16180,15774.72,15957
11/16/2020,15957,16880,15864,16713.57
11/17/2020,16713.08,17858.82,16538,17659.38
11/18/2020,17659.38,18476.93,17214.45,17776.12
11/19/2020,17777.75,18179.8,17335.65,17802.82
11/20/2020,17802.81,18815.22,17740.04,18655.67
11/21/2020,18655.66,18965.9,18308.58,18703.8
11/22/2020,18703.8,18750,17610.86,18414.43
11/23/2020,18413.88,18766,18000,18368
11/24/2020,18368.01,19418.97,18018,19160.01
11/25/2020,19160,19484.21,18500.27,18719.11
11/26/2020,18718.83,18915.03,16188,17149.47
11/27/2020,17149.47,17457.62,16438.08,17139.52
11/28/2020,17139.53,17880.49,16865.56,17719.85
11/29/2020,17719.84,18360.05,17517,18184.99
11/30/2020,18185,19863.16,18184.99,19695.87
12/1/2020,19695.87,19888,18001.12,18764.96
12/2/2020,18764.96,19342,18330,19204.09
12/3/2020,19204.08,19598,18867.2,19421.9
12/4/2020,19422.34,19527,18565.31,18650.52
12/5/2020,18650.51,19177,18500,19147.66
12/6/2020,19147.66,19420,18857,19359.4
12/7/2020,19358.67,19420.91,18902.88,19166.9
12/8/2020,19166.9,19294.84,18200,18324.11
12/9/2020,18324.11,18639.57,17650,18541.28
12/10/2020,18541.29,18557.32,17911.12,18254.63
12/11/2020,18254.81,18292.73,17572.33,18036.53
12/12/2020,18036.53,18948.66,18020.7,18808.69
12/13/2020,18808.69,19411,18711.12,19174.99
12/14/2020,19174.99,19349,19000,19273.14
12/15/2020,19273.69,19570,19050,19426.43
12/16/2020,19426.43,21560,19278.6,21335.52
12/17/2020,21335.52,23800,21230,22797.16
12/18/2020,22797.15,23285.18,22350,23107.39
12/19/2020,23107.39,24171.47,22750,23821.61
12/20/2020,23821.6,24295,23060,23455.52
12/21/2020,23455.54,24102.77,21815,22719.71
12/22/2020,22719.88,23837.1,22353.4,23810.79
12/23/2020,23810.79,24100,22600,23232.76
12/24/2020,23232.39,23794.43,22703.42,23729.2
12/25/2020,23728.99,24789.86,23433.6,24712.47
12/26/2020,24712.47,26867.03,24500,26493.39
12/27/2020,26493.4,28422,25700,26281.66
12/28/2020,26281.54,27500,26101,27079.41
12/29/2020,27079.42,27410,25880,27385
12/30/2020,27385,28996,27320,28875.54
12/31/2020,28875.55,29300,27850,28923.63
1/1/2021,28923.63,29600,28624.57,29331.69
1/2/2021,29331.7,33300,28946.53,32178.33
1/3/2021,32176.45,34778.11,31962.99,33000.05
1/4/2021,33000.05,33600,28130,31988.71
1/5/2021,31989.75,34360,29900,33949.53
1/6/2021,33949.53,36939.21,33288,36769.36
1/7/2021,36769.36,40365,36300,39432.28
1/8/2021,39432.48,41950,36500,40582.81
1/9/2021,40586.96,41380,38720,40088.22
1/10/2021,40088.22,41350,35111.11,38150.02
1/11/2021,38150.02,38264.74,30420,35404.47
1/12/2021,35410.37,36628,32531,34051.24
1/13/2021,34049.15,37850,32380,37371.38
1/14/2021,37371.38,40100,36701.23,39144.5
1/15/2021,39145.21,39747.76,34408,36742.22
1/16/2021,36737.43,37950,35357.8,35994.98
1/17/2021,35994.98,36852.5,33850,35828.61
1/18/2021,35824.99,37469.83,34800,36631.27
1/19/2021,36622.46,37850,35844.06,35891.49
1/20/2021,35901.94,36415.31,33400,35468.23
1/21/2021,35468.23,35600,30071,30850.13
1/22/2021,30851.99,33826.53,28850,32945.17
1/23/2021,32950,33456,31390.16,32078
1/24/2021,32078,33071,30900,32259.9
1/25/2021,32259.45,34875,31910,32254.2
1/26/2021,32254.19,32921.88,30837.37,32467.77
1/27/2021,32464.01,32557.29,29241.72,30366.15
1/28/2021,30362.19,33783.98,29842.1,33364.86
1/29/2021,33368.18,38531.9,31915.4,34252.2
1/30/2021,34246.28,34933,32825,34262.88
1/31/2021,34262.89,34342.69,32171.67,33092.98
2/1/2021,33092.97,34717.27,32296.16,33526.37
2/2/2021,33517.09,35984.33,33418,35466.24
2/3/2021,35472.71,37662.63,35362.38,37618.87
2/4/2021,37620.26,38708.27,36161.95,36936.66
2/5/2021,36936.65,38310.12,36570,38290.24
2/6/2021,38289.32,40955.51,38215.94,39186.94
2/7/2021,39181.01,39700,37351,38795.69
2/8/2021,38795.69,46794.45,37988.89,46374.87
2/9/2021,46374.86,48142.19,44961.09,46420.42
2/10/2021,46420.42,47310,43727,44807.58
2/11/2021,44807.58,48678.9,43994.02,47969.51
2/12/2021,47968.66,48985.8,46125,47287.6
2/13/2021,47298.15,48150,46202.53,47153.69
2/14/2021,47156.78,49707.43,47014.17,48577.79
2/15/2021,48580.47,49010.92,45570.79,47911.1
2/16/2021,47911.1,50689.18,47003.62,49133.45
2/17/2021,49133.45,52618.74,48947,52119.71
2/18/2021,52117.67,52530,50901.9,51552.6
2/19/2021,51552.61,56368,50710.2,55906
2/20/2021,55906,57700.46,53863.93,55841.19
2/21/2021,55841.19,58352.8,55477.59,57408.57
2/22/2021,57412.35,57508.47,47622,54087.67
2/23/2021,54087.67,54183.59,44892.56,48891
2/24/2021,48891,51374.99,46988.69,49676.2
2/25/2021,49676.21,52041.73,46674.34,47073.73
2/26/2021,47073.73,48424.11,44106.78,46276.87
2/27/2021,46276.88,48394,45000,46106.43
2/28/2021,46103.67,46638.46,43000,45135.66
3/1/2021,45134.11,49790,44950.53,49587.03
3/2/2021,49595.76,50200,47047.6,48440.65
3/3/2021,48436.61,52640,48100.71,50349.37
3/4/2021,50349.37,51773.88,47500,48374.09
3/5/2021,48374.09,49448.93,46300,48751.71
3/6/2021,48746.81,49200,47070,48882.2
3/7/2021,48882.2,51450.03,48882.2,50971.75
3/8/2021,50959.11,52402.78,49274.67,52375.17
3/9/2021,52375.18,54895,51789.41,54884.5
3/10/2021,54874.67,57387.69,53005,55851.59
3/11/2021,55851.59,58150,54272.82,57773.16
3/12/2021,57773.15,58081.51,54962.84,57221.72
3/13/2021,57221.72,61844,56078.23,61188.39
3/14/2021,61188.38,61724.79,58966.78,58968.31
3/15/2021,58976.08,60633.43,54600,55605.2
3/16/2021,55605.2,56938.29,53271.34,56900.75
3/17/2021,56900.74,58974.73,54123.69,58912.97
3/18/2021,58912.97,60129.97,57023,57648.16
3/19/2021,57641,59468,56270.74,58030.01
3/20/2021,58030.01,59880,57820.17,58102.28
3/21/2021,58100.02,58589.1,55450.11,57351.56
3/22/2021,57351.56,58430.73,53650,54083.25
3/23/2021,54083.25,55830.9,53000,54340.89
3/24/2021,54342.8,57200,51700,52303.65
3/25/2021,52303.66,53287,50427.56,51293.78
3/26/2021,51293.78,55073.46,51214.6,55025.59
3/27/2021,55025.59,56700.36,53950,55817.14
3/28/2021,55817.14,56559.75,54691.84,55777.63
3/29/2021,55777.65,58405.82,54800.01,57635.47
3/30/2021,57635.46,59368,57071.35,58746.57
3/31/2021,58746.57,59800,56769,58740.55
4/1/2021,58739.46,59490,57935.45,58720.44
4/2/2021,58720.45,60200,58428.57,58950.01
4/3/2021,58950.01,59791.72,56880,57051.94
4/4/2021,57051.95,58492.85,56388,58202.01
4/5/2021,58202.01,59272,56777.77,59129.99
4/6/2021,59129.99,59495.24,57413.02,57991.15
4/7/2021,57990.03,58655,55473,55953.45
4/8/2021,55953.44,58153.31,55700,58077.52
4/9/2021,58077.52,58894.9,57654,58142.54
4/10/2021,58142.55,61500,57900.01,59769.13
4/11/2021,59769.13,60699,59232.52,60002.43
4/12/2021,59998.8,61300,59350.59,59860
4/13/2021,59860.01,63777.77,59805.15,63575
4/14/2021,63575.01,64854,61301,62959.53
4/15/2021,62959.53,63800,62020,63159.98
4/16/2021,63158.74,63520.61,60000,61334.8
4/17/2021,61334.81,62506.05,59580.91,60006.66
4/18/2021,60006.67,60499,50931.3,56150.01
4/19/2021,56150.01,57526.81,54221.58,55633.14
4/20/2021,55633.14,57076.24,53329.96,56425
4/21/2021,56425,56757.91,53536.02,53787.63
4/22/2021,53787.62,55521.48,50500,51690.96
4/23/2021,51690.95,52131.85,47500,51125.14
4/24/2021,51110.56,51166.22,48657.14,50047.84
4/25/2021,50047.84,50567.91,46930,49066.77
4/26/2021,49066.76,54356.62,48753.44,54001.39
4/27/2021,54001.38,55460,53222,55011.97
4/28/2021,55011.97,56428,53813.16,54846.22
4/29/2021,54846.23,55195.84,52330.94,53555
4/30/2021,53555,57963,53013.01,57694.27
5/1/2021,57697.25,58458.07,56956.14,57800.37
5/2/2021,57797.35,57911.02,56035.25,56578.21
5/3/2021,56578.21,58981.44,56435,57169.39
5/4/2021,57169.39,57200,53046.69,53200.01
5/5/2021,53205.05,58069.82,52900,57436.11
5/6/2021,57436.11,58360,55200,56393.68
5/7/2021,56393.68,58650,55241.63,57314.75
5/8/2021,57315.49,59500,56900,58862.05
5/9/2021,58866.53,59300,56235.66,58240.84
5/10/2021,58240.83,59500,53400,55816.14
5/11/2021,55816.14,56862.43,54370,56670.02
5/12/2021,56670.02,58000.01,48600,49631.32
5/13/2021,49537.15,51367.19,46000,49670.97
5/14/2021,49671.92,51483,48799.75,49841.45
5/15/2021,49844.16,50700,46555,46762.99
5/16/2021,46762.99,49795.89,43825.39,46431.5
5/17/2021,46426.83,46686,42001,43538.04
5/18/2021,43538.02,45799.29,42250.02,42849.78
5/19/2021,42849.78,43584.9,30000,36690.09
5/20/2021,36671.23,42451.67,34850,40526.64
5/21/2021,40525.39,42200,33488,37252.01
5/22/2021,37263.35,38829,35200.62,37449.73
5/23/2021,37458.51,38270.64,31111.01,34655.25
5/24/2021,34681.44,39920,34031,38796.29
5/25/2021,38810.99,39791.77,36419.62,38324.72
5/26/2021,38324.72,40841,37800.44,39241.91
5/27/2021,39241.92,40411.14,37134.27,38529.98
5/28/2021,38529.99,38877.83,34684,35663.49
5/29/2021,35661.79,37338.58,33632.76,34605.15
5/30/2021,34605.15,36488,33379,35641.27
5/31/2021,35641.26,37499,34153.84,37253.81
6/1/2021,37253.82,37894.81,35666,36693.09
6/2/2021,36694.85,38225,35920,37568.68
6/3/2021,37568.68,39476,37170,39246.79
6/4/2021,39246.78,39289.07,35555.15,36829
6/5/2021,36829.15,37925,34800,35513.2
6/6/2021,35516.07,36480,35222,35796.31
6/7/2021,35796.31,36900,33300,33552.79
6/8/2021,33556.96,34068.01,31000,33380.81
6/9/2021,33380.8,37534.79,32396.82,37388.05
6/10/2021,37388.05,38491,35782,36675.72
6/11/2021,36677.83,37680.4,35936.77,37331.98
6/12/2021,37331.98,37463.63,34600.36,35546.11
6/13/2021,35546.12,39380,34757,39020.57
6/14/2021,39020.56,41064.05,38730,40516.29
6/15/2021,40516.28,41330,39506.4,40144.04
6/16/2021,40143.8,40527.14,38116.01,38349.01
6/17/2021,38349,39559.88,37365,38092.97
6/18/2021,38092.97,38202.84,35129.29,35819.84
6/19/2021,35820.48,36457,34803.52,35483.72
6/20/2021,35483.72,36137.72,33336,35600.16
6/21/2021,35600.17,35750,31251.23,31608.93
6/22/2021,31614.12,33298.78,28805,32509.56
6/23/2021,32509.56,34881,31683,33678.07
6/24/2021,33675.07,35298,32286.57,34663.09
6/25/2021,34663.08,35500,31275,31584.45
6/26/2021,31576.09,32730,30151,32283.65
6/27/2021,32283.65,34749,31973.45,34700.34
6/28/2021,34702.49,35297.71,33862.72,34494.89
6/29/2021,34494.89,36600,34225.43,35911.73
6/30/2021,35911.72,36100,34017.55,35045
7/1/2021,35045,35057.57,32711,33504.69
7/2/2021,33502.33,33977.04,32699,33786.55
7/3/2021,33786.54,34945.61,33316.73,34669.13
7/4/2021,34669.12,35967.85,34357.15,35286.51
7/5/2021,35288.13,35293.78,33125.55,33690.14
7/6/2021,33690.15,35118.88,33532,34220.01
7/7/2021,34220.02,35059.09,33777.77,33862.12
7/8/2021,33862.11,33929.64,32077,32875.71
7/9/2021,32875.71,34100,32261.07,33815.81
7/10/2021,33815.81,34262,33004.78,33502.87
7/11/2021,33502.87,34666,33306.47,34258.99
7/12/2021,34259,34678.43,32658.34,33086.63
7/13/2021,33086.94,33340,32202.25,32729.77
7/14/2021,32729.12,33114.03,31550,32820.02
7/15/2021,32820.03,33185.25,31133,31880
7/16/2021,31874.49,32249.18,31020,31383.87
7/17/2021,31383.86,31955.92,31164.31,31520.07
7/18/2021,31520.07,32435,31108.97,31778.56
7/19/2021,31778.57,31899,30407.44,30839.65
7/20/2021,30839.65,31063.07,29278,29790.35
7/21/2021,29790.34,32858,29482.61,32144.51
7/22/2021,32144.51,32591.35,31708,32287.83
7/23/2021,32287.58,33650,31924.32,33634.09
7/24/2021,33634.1,34500,33401.14,34258.14
7/25/2021,34261.51,35398,33851.12,35381.02
7/26/2021,35381.02,40550,35205.78,37237.6
7/27/2021,37241.33,39542.61,36383,39457.87
7/28/2021,39456.61,40900,38772,40019.56
7/29/2021,40019.57,40640,39200,40016.48
7/30/2021,40018.49,42316.71,38313.23,42206.37
7/31/2021,42206.36,42448,41000.15,41461.83
8/1/2021,41461.84,42599,39422.01,39845.44
8/2/2021,39850.27,40480.01,38690,39147.82
8/3/2021,39146.86,39780,37642.03,38207.05
8/4/2021,38207.04,39969.66,37508.56,39723.18
8/5/2021,39723.17,41350,37332.7,40862.46
8/6/2021,40862.46,43392.43,39853.86,42836.87
8/7/2021,42836.87,44700,42446.41,44572.54
8/8/2021,44572.54,45310,43261,43794.37
8/9/2021,43794.36,46454.15,42779,46253.4
8/10/2021,46248.87,46700,44589.46,45584.99
8/11/2021,45585,46743.47,45341.14,45511
8/12/2021,45510.67,46218.12,43770,44399
8/13/2021,44400.06,47886,44217.39,47800
8/14/2021,47799.99,48144,45971.03,47068.51
8/15/2021,47068.5,47372.27,45500,46973.82
8/16/2021,46973.82,48053.83,45660,45901.29
8/17/2021,45901.3,47160,44376,44695.95
8/18/2021,44695.95,46000,44203.28,44705.29
8/19/2021,44699.37,47033,43927.7,46760.62
8/20/2021,46760.62,49382.99,46622.99,49322.47
8/21/2021,49322.47,49757.04,48222,48821.87
8/22/2021,48821.88,49500,48050,49239.22
8/23/2021,49239.22,50500,49029,49488.85
8/24/2021,49488.85,49860,47600,47674.01
8/25/2021,47674.01,49264.3,47126.28,48973.32
8/26/2021,48973.32,49352.84,46250,46843.87
8/27/2021,46843.86,49149.93,46348,49069.9
8/28/2021,49069.9,49299,48346.88,48895.35
8/29/2021,48895.35,49632.27,47762.54,48767.83
8/30/2021,48767.84,48888.61,46853,46982.91
8/31/2021,46982.91,48246.11,46700,47100.89
9/1/2021,47100.89,49156,46512,48810.52
9/2/2021,48810.51,50450.13,48584.06,49246.64
9/3/2021,49246.63,51000,48316.84,49999.14
9/4/2021,49998,50535.69,49370,49915.64
9/5/2021,49917.54,51900,49450,51756.88
9/6/2021,51756.88,52780,50969.33,52663.9
9/7/2021,52666.2,52920,42843.05,46863.73
9/8/2021,46868.57,47340.99,44412.02,46048.31
9/9/2021,46048.31,47399.97,45513.08,46395.14
9/10/2021,46395.14,47033,44132.29,44850.91
9/11/2021,44842.2,45987.93,44722.22,45173.69
9/12/2021,45173.68,46460,44742.06,46025.24
9/13/2021,46025.23,46880,43370,44940.73
9/14/2021,44940.72,47250,44594.44,47111.52
9/15/2021,47103.28,48500,46682.32,48121.41
9/16/2021,48121.4,48557,47021.1,47737.82
9/17/2021,47737.81,48150,46699.56,47299.98
9/18/2021,47299.98,48843.2,47035.56,48292.74
9/19/2021,48292.75,48372.83,46829.18,47241.75
9/20/2021,47241.75,47347.25,42500,43015.62
9/21/2021,43016.64,43639,39600,40734.38
9/22/2021,40734.09,44000.55,40565.39,43543.61
9/23/2021,43546.37,44978,43069.09,44865.26
9/24/2021,44865.26,45200,40675,42810.57
9/25/2021,42810.58,42966.84,41646.28,42670.64
9/26/2021,42670.63,43950,40750,43160.9
9/27/2021,43160.9,44350,42098,42147.35
9/28/2021,42147.35,42787.38,40888,41026.54
9/29/2021,41025.01,42590,40753.88,41524.28
9/30/2021,41524.29,44141.37,41410.17,43824.1
10/1/2021,43820.01,48495,43283.03,48141.61
10/2/2021,48141.6,48336.59,47430.18,47634.9
10/3/2021,47634.89,49228.08,47088,48200.01
10/4/2021,48200.01,49536.12,46891,49224.94
10/5/2021,49224.93,51886.3,49022.4,51471.99
10/6/2021,51471.99,55750,50382.41,55315
10/7/2021,55315,55332.31,53357,53785.22
10/8/2021,53785.22,56100,53617.61,53951.43
10/9/2021,53955.67,55489,53661.67,54949.72
10/10/2021,54949.72,56561.31,54080,54659
10/11/2021,54659.01,57839.04,54415.06,57471.35
10/12/2021,57471.35,57680,53879,55996.93
10/13/2021,55996.91,57777,54167.19,57367
10/14/2021,57370.83,58532.54,56818.05,57347.94
10/15/2021,57347.94,62933,56850,61672.42
10/16/2021,61672.42,62378.42,60150,60875.57
10/17/2021,60875.57,61718.39,58963,61528.33
10/18/2021,61528.32,62695.78,59844.45,62009.84
10/19/2021,62005.6,64486,61322.22,64280.59
10/20/2021,64280.59,67000,63481.4,66001.41
10/21/2021,66001.4,66639.74,62000,62193.15
10/22/2021,62193.15,63732.39,60000,60688.22
10/23/2021,60688.23,61747.64,59562.15,61286.75
10/24/2021,61286.75,61500,59510.63,60852.22
10/25/2021,60852.22,63710.63,60650,63078.78
10/26/2021,63078.78,63293.48,59817.55,60328.81
10/27/2021,60328.81,61496,58000,58413.44
10/28/2021,58413.44,62499,57820,60575.89
10/29/2021,60575.9,62980,60174.81,62253.71
10/30/2021,62253.7,62359.25,60673,61859.19
10/31/2021,61859.19,62405.3,59945.36,61299.8
11/1/2021,61299.81,62437.74,59405,60911.11
11/2/2021,60911.12,64270,60624.68,63219.99
11/3/2021,63220.57,63500,60382.76,62896.48
11/4/2021,62896.49,63086.31,60677.01,61395.01
11/5/2021,61395.01,62595.72,60721,60937.12
11/6/2021,60940.18,61560.49,60050,61470.61
11/7/2021,61470.62,63286.35,61322.78,63273.59
11/8/2021,63273.58,67789,63273.58,67525.83
11/9/2021,67525.82,68524.25,66222.4,66947.66
11/10/2021,66947.67,69000,62822.9,64882.43
11/11/2021,64882.42,65600.07,64100,64774.26
11/12/2021,64774.25,65450.7,62278,64122.23
11/13/2021,64122.22,65000,63360.22,64380
11/14/2021,64380.01,65550.51,63576.27,65519.1
11/15/2021,65519.11,66401.82,63400,63606.74
11/16/2021,63606.73,63617.31,58574.07,60058.87
11/17/2021,60058.87,60840.23,58373,60344.87
11/18/2021,60344.86,60976,56474.26,56891.62
11/19/2021,56891.62,58320,55600,58052.24
11/20/2021,58057.1,59845,57353,59707.51
11/21/2021,59707.52,60029.76,58486.65,58622.02
11/22/2021,58617.7,59444,55610,56247.18
11/23/2021,56243.83,58009.99,55317,57541.27
11/24/2021,57541.26,57735,55837,57138.29
11/25/2021,57138.29,59398.9,57000,58960.36
11/26/2021,58960.37,59150,53500,53726.53
11/27/2021,53723.72,55280,53610,54721.03
11/28/2021,54716.47,57445.05,53256.64,57274.88
11/29/2021,57274.89,58865.97,56666.67,57776.25
11/30/2021,57776.25,59176.99,55875.55,56950.56
12/1/2021,56950.56,59053.55,56458.01,57184.07
12/2/2021,57184.07,57375.47,55777.77,56480.34
12/3/2021,56484.26,57600,51680,53601.05
12/4/2021,53601.05,53859.1,42000.3,49152.47
12/5/2021,49152.46,49699.05,47727.21,49396.33
12/6/2021,49396.32,50891.11,47100,50441.92
12/7/2021,50441.91,51936.33,50039.74,50588.95
12/8/2021,50588.95,51200,48600,50471.19
12/9/2021,50471.19,50797.76,47320,47545.59
12/10/2021,47535.9,50125,46852,47140.54
12/11/2021,47140.54,49485.71,46751,49389.99
12/12/2021,49389.99,50777,48638,50053.9
12/13/2021,50053.9,50189.97,45672.75,46702.75
12/14/2021,46702.76,48700.41,46290,48343.28
12/15/2021,48336.95,49500,46547,48864.98
12/16/2021,48864.98,49436.43,47511,47632.38
12/17/2021,47632.38,47995.96,45456,46131.2
12/18/2021,46133.83,47392.37,45500,46834.48
12/19/2021,46834.47,48300.01,46406.91,46681.23
12/20/2021,46681.24,47537.57,45558.85,46914.16
12/21/2021,46914.17,49328.96,46630,48889.88
12/22/2021,48887.59,49576.13,48421.87,48588.16
12/23/2021,48588.17,51375,47920.42,50838.81
12/24/2021,50838.82,51810,50384.43,50820
12/25/2021,50819.99,51156.23,50142.32,50399.66
12/26/2021,50399.67,51280,49412,50775.49
12/27/2021,50775.48,52088,50449,50701.44
12/28/2021,50701.44,50704.05,47313.01,47543.74
12/29/2021,47543.74,48139.08,46096.99,46464.66
12/30/2021,46464.66,47900,45900,47120.87
12/31/2021,47120.88,48548.26,45678,46216.93
1/1/2022,46216.93,47954.63,46208.37,47722.65
1/2/2022,47722.66,47990,46654,47286.18
1/3/2022,47286.18,47570,45696,46446.1
1/4/2022,46446.1,47557.54,45500,45832.01
1/5/2022,45832.01,47070,42500,43451.13
1/6/2022,43451.14,43816,42430.58,43082.31
1/7/2022,43082.3,43145.83,40610,41566.48
1/8/2022,41566.48,42300,40501,41679.74
1/9/2022,41679.74,42786.7,41200.02,41864.62
1/10/2022,41864.62,42248.5,39650,41822.49
1/11/2022,41822.49,43100,41268.93,42729.29
1/12/2022,42729.29,44322,42450,43902.66
1/13/2022,43902.65,44500,42311.22,42560.11
1/14/2022,42558.35,43448.78,41725.95,43059.96
1/15/2022,43059.96,43800,42555,43084.29
1/16/2022,43084.29,43475,42581.79,43071.66
1/17/2022,43071.66,43176.18,41540.42,42201.62
1/18/2022,42201.63,42691,41250,42352.12
1/19/2022,42352.12,42559.13,41138.56,41660.01
1/20/2022,41660,43505,40553.31,40680.91
1/21/2022,40680.92,41100,35440.45,36445.31
1/22/2022,36445.31,36835.22,34008,35071.42
1/23/2022,35071.42,36499,34601.01,36244.55
1/24/2022,36244.55,37550,32917.17,36660.35
1/25/2022,36660.35,37545.14,35701,36958.32
1/26/2022,36958.32,38919.98,36234.63,36809.34
1/27/2022,36807.24,37234.47,35507.01,37160.1
1/28/2022,37160.11,38000,36155.01,37716.56
1/29/2022,37716.57,38720.74,37268.44,38166.84
1/30/2022,38166.83,38359.26,37351.63,37881.76
1/31/2022,37881.75,38744,36632.61,38466.9
2/1/2022,38466.9,39265.2,38000,38694.59
2/2/2022,38694.59,38855.92,36586.95,36896.36
2/3/2022,36896.37,37387,36250,37311.61
2/4/2022,37311.98,41772.33,37026.73,41574.25
2/5/2022,41571.7,41913.69,40843.01,41382.59
2/6/2022,41382.6,42656,41116.56,42380.87
2/7/2022,42380.87,44500.5,41645.85,43839.99
2/8/2022,43839.99,45492,42666,44042.99
2/9/2022,44043,44799,43117.92,44372.72
2/10/2022,44372.71,45821,43174.01,43495.44
2/11/2022,43495.44,43920,41938.51,42373.73
2/12/2022,42373.73,43079.49,41688.88,42217.87
2/13/2022,42217.87,42760,41870,42053.66
2/14/2022,42053.65,42842.4,41550.56,42535.94
2/15/2022,42535.94,44751.4,42427.03,44544.86
2/16/2022,44544.85,44549.97,43307,43873.56
2/17/2022,43873.56,44164.71,40073.21,40515.7
2/18/2022,40515.71,40959.88,39450,39974.44
2/19/2022,39974.45,40444.32,39639.03,40079.17
2/20/2022,40079.17,40125.44,38000,38386.89
2/21/2022,38386.89,39494.35,36800,37008.16
2/22/2022,37008.16,38429,36350,38230.33
2/23/2022,38230.33,39249.93,37036.79,37250.01
2/24/2022,37250.02,39843,34322.28,38327.21
2/25/2022,38328.68,39683.53,38014.37,39219.17
2/26/2022,39219.16,40348.45,38573.18,39116.72
2/27/2022,39116.73,39855.7,37000,37699.07
2/28/2022,37699.08,44225.84,37450.17,43160
3/1/2022,43160,44949,42809.98,44421.2
3/2/2022,44421.2,45400,43334.09,43892.98
3/3/2022,43892.99,44101.12,41832.28,42454
3/4/2022,42454,42527.3,38550,39148.66
3/5/2022,39148.65,39613.24,38407.59,39397.96
3/6/2022,39397.97,39693.87,38088.57,38420.81
3/7/2022,38420.8,39547.57,37155,37988
3/8/2022,37988.01,39362.08,37867.65,38730.63
3/9/2022,38730.63,42594.06,38656.45,41941.71
3/10/2022,41941.7,42039.63,38539.73,39422
3/11/2022,39422.01,40236.26,38223.6,38729.57
3/12/2022,38729.57,39486.71,38660.52,38807.36
3/13/2022,38807.35,39310,37578.51,37777.34
3/14/2022,37777.35,39947.12,37555,39671.37
3/15/2022,39671.37,39887.61,38098.33,39280.33
3/16/2022,39280.33,41718,38828.48,41114
3/17/2022,41114.01,41478.82,40500,40917.9
3/18/2022,40917.89,42325.02,40135.04,41757.51
3/19/2022,41757.51,42400,41499.29,42201.13
3/20/2022,42201.13,42296.26,40911,41262.11
3/21/2022,41262.11,41544.22,40467.94,41002.25
3/22/2022,41002.26,43361,40875.51,42364.13
3/23/2022,42364.13,43025.96,41751.47,42882.76
3/24/2022,42882.76,44220.89,42560.46,43991.46
3/25/2022,43991.46,45094.14,43579,44313.16
3/26/2022,44313.16,44792.99,44071.97,44511.27
3/27/2022,44511.27,46999,44421.46,46827.76
3/28/2022,46827.76,48189.84,46663.56,47122.21
3/29/2022,47122.21,48096.47,46950.85,47434.8
3/30/2022,47434.79,47700.22,46445.42,47067.99
3/31/2022,47067.99,47600,45200,45510.34
4/1/2022,45510.35,46720.09,44200,46283.49
4/2/2022,46283.49,47213,45620,45811
4/3/2022,45810.99,47444.11,45530.92,46407.35
4/4/2022,46407.36,46890.71,45118,46580.51
4/5/2022,46580.5,47200,45353.81,45497.55
4/6/2022,45497.54,45507.14,43121,43170.47
4/7/2022,43170.47,43900.99,42727.35,43444.19
4/8/2022,43444.2,43970.62,42107.14,42252.01
4/9/2022,42252.02,42800,42125.48,42753.97
4/10/2022,42753.96,43410.3,41868,42158.85
4/11/2022,42158.85,42414.71,39200,39530.45
4/12/2022,39530.45,40699,39254.63,40074.94
4/13/2022,40074.95,41561.31,39588.54,41147.79
4/14/2022,41147.78,41500,39551.94,39942.38
4/15/2022,39942.37,40870.36,39766.4,40551.9
4/16/2022,40551.9,40709.35,39991.55,40378.71
4/17/2022,40378.7,40595.67,39546.17,39678.12
4/18/2022,39678.11,41116.73,38536.51,40801.13
4/19/2022,40801.13,41760,40571,41493.18
4/20/2022,41493.19,42199,40820,41358.19
4/21/2022,41358.19,42976,39751,40480.01
4/22/2022,40480.01,40795.06,39177,39709.18
4/23/2022,39709.19,39980,39285,39441.6
4/24/2022,39441.61,39940,38929.62,39450.13
4/25/2022,39450.12,40616,38200,40426.08
4/26/2022,40426.08,40797.31,37702.26,38112.65
4/27/2022,38112.64,39474.72,37881.31,39235.72
4/28/2022,39235.72,40372.63,38881.43,39742.07
4/29/2022,39742.06,39925.25,38175,38596.11
4/30/2022,38596.11,38795.38,37578.2,37630.8
5/1/2022,37630.8,38675,37386.38,38468.35
5/2/2022,38468.35,39167.34,38052,38525.16
5/3/2022,38525.16,38651.51,37517.8,37728.95
5/4/2022,37728.95,40023.77,37670,39690
5/5/2022,39690,39845.51,35571.9,36552.97
5/6/2022,36552.97,36675.63,35258,36013.77
5/7/2022,36013.77,36146.3,34785,35472.39
5/8/2022,35472.4,35514.22,33713.95,34038.4
5/9/2022,34038.39,34243.15,30033.33,30076.31
5/10/2022,30074.23,32658.99,29730.4,31017.1
5/11/2022,31017.11,32162.59,27785,29103.94
5/12/2022,29103.94,30243,26700,29029.75
5/13/2022,29029.74,31083.37,28751.67,29287.05
5/14/2022,29287.05,30343.27,28630,30086.74
5/15/2022,30086.74,31460,29480,31328.89
5/16/2022,31328.89,31328.9,29087.04,29874.01
5/17/2022,29874.01,30788.37,29450.38,30444.93
5/18/2022,30444.93,30709.99,28654.47,28715.32
5/19/2022,28715.33,30545.18,28691.38,30319.23
5/20/2022,30319.22,30777.33,28730,29201.01
5/21/2022,29201.01,29656.18,28947.28,29445.06
5/22/2022,29445.07,30487.99,29255.11,30293.94
5/23/2022,30293.93,30670.51,28866.35,29109.15
5/24/2022,29109.14,29845.86,28669,29654.58
5/25/2022,29654.58,30223.74,29294.21,29542.15
5/26/2022,29542.14,29886.64,28019.56,29201.35
5/27/2022,29201.35,29397.66,28282.9,28629.8
5/28/2022,28629.81,29266,28450,29031.33
5/29/2022,29031.33,29587.78,28839.21,29468.1
5/30/2022,29468.1,32222,29299.62,31734.22
5/31/2022,31734.23,32399,31200.01,31801.04
6/1/2022,31801.05,31982.97,29301,29805.83
6/2/2022,29805.84,30689,29594.55,30452.62
6/3/2022,30452.63,30699,29282.36,29700.21
6/4/2022,29700.21,29988.88,29485,29864.04
6/5/2022,29864.03,30189,29531.42,29919.21
6/6/2022,29919.2,31765.64,29890.23,31373.1
6/7/2022,31373.1,31589.6,29218.96,31125.33
6/8/2022,31125.32,31327.22,29843.88,30204.77
6/9/2022,30204.77,30700,29944.1,30109.93
6/10/2022,30109.93,30382.8,28850,29091.88
6/11/2022,29091.87,29440.41,28099.99,28424.7
6/12/2022,28424.71,28544.96,26560,26574.53
6/13/2022,26574.53,26895.84,21925.77,22487.41
6/14/2022,22485.27,23362.88,20846,22136.41
6/15/2022,22136.42,22800,20111.62,22583.72
6/16/2022,22583.72,22995.73,20232,20401.31
6/17/2022,20400.6,21365.43,20246.66,20468.81
6/18/2022,20468.81,20792.06,17622,18970.79
6/19/2022,18970.79,20815.95,17960.41,20574
6/20/2022,20574,21090,19637.03,20573.89
6/21/2022,20573.9,21723,20348.4,20723.52
6/22/2022,20723.51,20900,19770.51,19987.99
6/23/2022,19988,21233,19890.07,21110.13
6/24/2022,21110.12,21558.41,20736.72,21237.69
6/25/2022,21237.68,21614.5,20906.62,21491.19
6/26/2022,21491.18,21888,20964.73,21038.07
6/27/2022,21038.08,21539.85,20510,20742.56
6/28/2022,20742.57,21212.1,20202.01,20281.29
6/29/2022,20281.28,20432.31,19854.92,20123.01
6/30/2022,20123,20179.08,18626,19942.21
7/1/2022,19942.21,20918.35,18975,19279.8
7/2/2022,19279.8,19467.39,18977.01,19252.81
7/3/2022,19252.82,19647.63,18781,19315.83
7/4/2022,19315.83,20354.01,19055.31,20236.71
7/5/2022,20236.71,20750,19304.4,20175.83
7/6/2022,20175.84,20675.22,19761.25,20564.51
7/7/2022,20564.51,21838.1,20251.68,21624.98
7/8/2022,21624.99,22527.37,21189.26,21594.75
7/9/2022,21594.75,21980,21322.12,21591.83
7/10/2022,21592.15,21607.65,20655,20862.47
7/11/2022,20861.11,20868.48,19875.23,19963.61
7/12/2022,19963.61,20059.42,19240,19328.75
7/13/2022,19331.28,20366.61,18910.94,20234.87
7/14/2022,20234.87,20900,19616.07,20588.84
7/15/2022,20588.84,21200,20382.29,20830.04
7/16/2022,20830.04,21588.94,20478.61,21195.6
7/17/2022,21195.6,21684.54,20750.01,20798.16
7/18/2022,20799.58,22777.63,20762.45,22432.58
7/19/2022,22432.58,23800,21579.54,23396.62
7/20/2022,23398.48,24276.74,22906.19,23223.3
7/21/2022,23223.3,23442.77,22341.46,23152.19
7/22/2022,23152.19,23756.49,22500,22684.83
7/23/2022,22684.83,23000.77,21934.57,22451.07
7/24/2022,22448.58,23014.64,22257.15,22579.68
7/25/2022,22577.13,22666,21250,21310.9
7/26/2022,21310.9,21347.82,20706.5,21254.67
7/27/2022,21254.67,23112.63,21042.53,22952.45
7/28/2022,22954.31,24199.72,22582.13,23842.93
7/29/2022,23845.25,24442.66,23414.03,23773.75
7/30/2022,23777.28,24668,23502.25,23643.51
7/31/2022,23644.64,24194.82,23227.31,23293.32
8/1/2022,23296.36,23509.68,22850,23268.01
8/2/2022,23266.9,23459.89,22654.37,22987.79
8/3/2022,22985.93,23647.68,22681.22,22818.37
8/4/2022,22816.91,23223.32,22400,22622.98
8/5/2022,22622.41,23472.86,22586.95,23312.42
8/6/2022,23313.56,23354.36,22909.52,22954.21
8/7/2022,22954.21,23402,22844.62,23174.39
8/8/2022,23174.39,24245,23154.25,23810
8/9/2022,23810.98,23933.25,22865,23149.95
8/10/2022,23151.32,24226,22664.69,23954.05
8/11/2022,23954.05,24918.54,23852.13,23934.39
8/12/2022,23933.09,24456.5,23583,24403.68
8/13/2022,24401.7,24888,24291.22,24441.38
8/14/2022,24443.06,25047.56,24144,24305.24
8/15/2022,24305.25,25211.32,23773.22,24094.82
8/16/2022,24093.04,24247.49,23671.22,23854.74
8/17/2022,23856.15,24446.71,23180.4,23342.66
8/18/2022,23342.66,23600,23111.04,23191.2
8/19/2022,23191.45,23208.67,20783.57,20834.39
8/20/2022,20834.39,21382.85,20761.9,21140.07
8/21/2022,21140.07,21800,21069.11,21515.61
8/22/2022,21516.7,21548.71,20890.18,21399.83
8/23/2022,21400.75,21684.87,20890.14,21529.12
8/24/2022,21529.11,21900,21145,21368.08
8/25/2022,21368.05,21819.88,21310.15,21559.04
8/26/2022,21559.04,21886.77,20107.9,20241.05
8/27/2022,20239.14,20402.93,19800,20037.6
8/28/2022,20037.6,20171.18,19520,19555.61
8/29/2022,19555.61,20433.62,19550.79,20285.73
8/30/2022,20287.2,20576.25,19540,19811.66
8/31/2022,19813.03,20490,19797.94,20050.02
9/1/2022,20048.44,20208.37,19565.66,20131.46
9/2/2022,20132.64,20441.26,19755.29,19951.86
9/3/2022,19950.98,20055.93,19652.72,19831.9
9/4/2022,19832.45,20029.23,19583.1,20000.3
9/5/2022,20000.3,20057.27,19633.83,19796.84
9/6/2022,19795.34,20180,18649.51,18790.61
9/7/2022,18790.61,19464.06,18510.77,19292.84
9/8/2022,19292.85,19458.25,19012,19319.77
9/9/2022,19320.54,21597.22,19291.75,21360.11
9/10/2022,21361.62,21810.8,21111.13,21648.34
9/11/2022,21647.21,21860,21350,21826.87
9/12/2022,21826.87,22488,21538.51,22395.74
9/13/2022,22395.44,22799,19860,20173.57
9/14/2022,20173.62,20541.48,19617.62,20226.71
9/15/2022,20227.17,20330.24,19497,19701.88
9/16/2022,19701.88,19890,19320.01,19803.3
9/17/2022,19803.3,20189,19748.08,20113.62
9/18/2022,20112.61,20117.26,19335.62,19416.18
9/19/2022,19417.45,19686.2,18232.56,19537.02
9/20/2022,19537.02,19634.62,18711.87,18875
9/21/2022,18874.31,19956,18125.98,18461.36
9/22/2022,18461.36,19550.17,18356.39,19401.63
9/23/2022,19401.63,19500,18531.42,19289.91
9/24/2022,19288.57,19316.14,18805.34,18920.5
9/25/2022,18921.99,19180.21,18629.2,18807.38
9/26/2022,18809.13,19318.96,18680.72,19227.82
9/27/2022,19226.68,20385.86,18816.32,19079.13
9/28/2022,19078.1,19790,18471.28,19412.82
9/29/2022,19412.82,19645.52,18843.01,19591.51
9/30/2022,19590.54,20185,19155.36,19422.61
10/1/2022,19422.61,19484,19159.42,19310.95
10/2/2022,19312.24,19395.91,18920.35,19056.8
10/3/2022,19057.74,19719.1,18959.68,19629.08
10/4/2022,19629.08,20475,19490.6,20337.82
10/5/2022,20337.82,20365.6,19730,20158.26
10/6/2022,20158.26,20456.6,19853,19960.67
10/7/2022,19960.67,20068.82,19320,19530.09
10/8/2022,19530.09,19627.38,19237.14,19417.96
10/9/2022,19416.52,19558,19316.04,19439.02
10/10/2022,19439.96,19525,19020.25,19131.87
10/11/2022,19131.87,19268.09,18860,19060
10/12/2022,19060,19238.31,18965.88,19155.53
10/13/2022,19155.1,19513.79,18190,19375.13
10/14/2022,19375.58,19951.87,19070.37,19176.93
10/15/2022,19176.93,19227.68,18975.18,19069.39
10/16/2022,19068.4,19425.84,19063.74,19262.98
10/17/2022,19262.98,19676.96,19152.03,19549.86
10/18/2022,19548.48,19706.66,19091,19327.44
10/19/2022,19327.44,19360.16,19065.97,19123.97
10/20/2022,19123.35,19347.82,18900,19041.92
10/21/2022,19041.92,19250,18650,19164.37
10/22/2022,19164.37,19257,19112.72,19204.35
10/23/2022,19204.29,19695,19070.11,19570.4
10/24/2022,19570.4,19601.15,19157,19329.72
10/25/2022,19330.6,20415.87,19237,20080.07
10/26/2022,20079.02,21020,20050.41,20771.59
10/27/2022,20771.61,20872.21,20200,20295.11
10/28/2022,20295.11,20750,20000.09,20591.84
10/29/2022,20591.84,21085,20554.01,20809.67
10/30/2022,20809.68,20931.21,20515,20627.48
10/31/2022,20627.48,20845.92,20237.95,20490.74
11/1/2022,20490.74,20700,20330.74,20483.62
11/2/2022,20482.81,20800,20048.04,20151.84
11/3/2022,20151.84,20393.32,20031.24,20207.82
11/4/2022,20207.12,21302.05,20180.96,21148.52
11/5/2022,21148.52,21480.65,21080.65,21299.37
11/6/2022,21299.37,21365.27,20886.13,20905.58
11/7/2022,20905.58,21069.77,20384.89,20591.13
11/8/2022,20590.67,20700.88,17166.83,18547.23
11/9/2022,18545.38,18587.76,15588,15922.81
11/10/2022,15922.68,18199,15754.26,17601.15
11/11/2022,17602.45,17695,16361.6,17070.31
11/12/2022,17069.98,17119.1,16631.39,16812.08
11/13/2022,16813.16,16954.28,16229,16329.85
11/14/2022,16331.78,17190,15815.21,16619.46
11/15/2022,16617.72,17134.69,16527.72,16900.57
11/16/2022,16900.57,17015.92,16378.61,16662.76
11/17/2022,16661.61,16751,16410.74,16692.56
11/18/2022,16692.56,17011,16546.04,16700.45
11/19/2022,16699.43,16822.41,16553.53,16700.68
11/20/2022,16700.68,16753.33,16180,16280.23
11/21/2022,16279.5,16319,15476,15781.29
11/22/2022,15781.29,16315,15616.63,16226.94
11/23/2022,16227.96,16706,16160.2,16603.11
11/24/2022,16603.11,16812.63,16458.05,16598.95
11/25/2022,16599.55,16666,16342.81,16522.14
11/26/2022,16521.35,16701.99,16385,16458.57
11/27/2022,16457.61,16600,16401,16428.78
11/28/2022,16428.77,16487.04,15995.27,16212.91
11/29/2022,16212.18,16548.71,16100,16442.53
11/30/2022,16442.91,17249,16428.3,17163.64
12/1/2022,17165.53,17324,16855.01,16977.37
12/2/2022,16978,17105.73,16787.85,17092.74
12/3/2022,17092.13,17188.98,16858.74,16885.2
12/4/2022,16885.2,17202.84,16878.25,17105.7
12/5/2022,17106.65,17424.25,16867,16966.35
12/6/2022,16966.35,17107.01,16906.37,17088.96
12/7/2022,17088.96,17142.21,16678.83,16836.64
12/8/2022,16836.64,17299,16733.49,17224.1
12/9/2022,17224.1,17360,17058.21,17128.56
12/10/2022,17128.56,17227.72,17092,17127.49
12/11/2022,17127.49,17270.99,17071,17085.05
12/12/2022,17085.05,17241.89,16871.85,17209.83
12/13/2022,17208.93,18000,17080.14,17774.7
12/14/2022,17775.82,18387.95,17660.94,17803.15
12/15/2022,17804.01,17854.82,17275.51,17356.34
12/16/2022,17356.96,17531.73,16527.32,16632.12
12/17/2022,16631.5,16796.82,16579.85,16776.52
12/18/2022,16777.54,16863.26,16663.07,16738.21
12/19/2022,16739,16815.99,16256.3,16438.88
12/20/2022,16438.88,17061.27,16397.2,16895.56
12/21/2022,16896.15,16925,16723,16824.67
12/22/2022,16824.68,16868.52,16559.85,16821.43
12/23/2022,16821.9,16955.14,16731.13,16778.5
12/24/2022,16778.52,16869.99,16776.62,16836.12
12/25/2022,16835.73,16857.96,16721,16832.11
12/26/2022,16832.11,16944.52,16791,16919.39
12/27/2022,16919.39,16972.83,16592.37,16706.36
12/28/2022,16706.06,16785.19,16465.33,16547.31
12/29/2022,16547.32,16664.41,16488.91,16633.47
12/30/2022,16633.47,16677.35,16333,16607.48
12/31/2022,16607.48,16644.09,16470,16542.4
1/1/2023,16541.77,16628,16499.01,16616.75
1/2/2023,16617.17,16799.23,16548.7,16672.87
1/3/2023,16672.78,16778.4,16605.28,16675.18
1/4/2023,16675.65,16991.87,16652.66,16850.36
1/5/2023,16850.36,16879.82,16753,16831.85
1/6/2023,16831.85,17041,16679,16950.65
1/7/2023,16950.31,16981.91,16908,16943.57
1/8/2023,16943.83,17176.99,16911,17127.83
1/9/2023,17127.83,17398.8,17104.66,17178.26
1/10/2023,17179.04,17499,17146.34,17440.66
1/11/2023,17440.64,18000,17315.6,17943.26
1/12/2023,17943.26,19117.04,17892.05,18846.62
1/13/2023,18846.62,20000,18714.12,19930.01
1/14/2023,19930.01,21258,19888.05,20954.92
1/15/2023,20952.76,21050.74,20551.01,20871.5
1/16/2023,20872.99,21474.05,20611.48,21185.65
1/17/2023,21185.65,21647.45,20841.31,21134.81
1/18/2023,21132.29,21650,20407.15,20677.47
1/19/2023,20677.47,21192,20659.19,21071.59
1/20/2023,21071.59,22755.93,20861.28,22667.21
1/21/2023,22666,23371.8,22422,22783.55
1/22/2023,22783.35,23078.71,22292.37,22707.88
1/23/2023,22706.02,23180,22500,22916.45
1/24/2023,22917.81,23162.2,22462.93,22632.89
1/25/2023,22631.94,23816.73,22300,23060.94
1/26/2023,23060.42,23282.47,22850.01,23009.65
1/27/2023,23009.65,23500,22534.88,23074.16
1/28/2023,23074.16,23189,22878.46,23022.6
1/29/2023,23021.4,23960.54,22967.76,23742.3
1/30/2023,23743.37,23800.51,22500,22826.15
1/31/2023,22827.38,23320,22714.77,23125.13
2/1/2023,23125.13,23812.66,22760.23,23732.66
2/2/2023,23731.41,24255,23363.27,23488.94
2/3/2023,23489.33,23715.7,23204.62,23431.9
2/4/2023,23431.9,23587.78,23253.96,23326.84
2/5/2023,23327.66,23433.33,22743,22932.91
2/6/2023,22932.91,23158.25,22628.13,22762.52
2/7/2023,22762.52,23350.25,22745.78,23240.46
2/8/2023,23242.42,23452,22665.85,22963
2/9/2023,22961.85,23011.39,21688,21796.35
2/10/2023,21797.83,21938.16,21451,21625.19
2/11/2023,21625.19,21906.32,21599.78,21862.55
2/12/2023,21862.02,22090,21630,21783.54
2/13/2023,21782.37,21894.99,21351.07,21773.97
2/14/2023,21774.63,22319.08,21532.77,22199.84
2/15/2023,22199.84,24380,22047.28,24324.05
2/16/2023,24322.87,25250,23505.25,23517.72
2/17/2023,23517.72,25021.11,23339.37,24569.97
2/18/2023,24568.24,24877,24430,24631.95
2/19/2023,24632.05,25192,24192.57,24271.76
2/20/2023,24272.51,25121.23,23840.83,24842.2
2/21/2023,24843.89,25250,24148.34,24452.16
2/22/2023,24450.67,24476.05,23574.69,24182.21
2/23/2023,24182.21,24599.59,23608,23940.2
2/24/2023,23940.2,24132.35,22841.19,23185.29
2/25/2023,23184.04,23219.13,22722,23157.07
2/26/2023,23157.07,23689.99,23059.18,23554.85
2/27/2023,23554.85,23897.99,23106.77,23492.09
2/28/2023,23492.09,23600,23020.97,23141.57
3/1/2023,23141.57,24000,23020.03,23628.97
3/2/2023,23629.76,23796.93,23195.9,23465.32
3/3/2023,23465.32,23476.95,21971.13,22354.34
3/4/2023,22354.34,22410,22157.08,22346.57
3/5/2023,22346.57,22662.09,22189.22,22430.24
3/6/2023,22430.24,22602.19,22258,22410
3/7/2023,22409.41,22557.91,21927,22197.96
3/8/2023,22198.56,22287,21580,21705.44
3/9/2023,21704.37,21834.99,20042.72,20362.22
3/10/2023,20362.21,20367.78,19549.09,20150.69
3/11/2023,20150.69,20686.51,19765.03,20455.73
3/12/2023,20455.73,22150,20270.6,21997.11
3/13/2023,21998.05,24500,21813.88,24113.48
3/14/2023,24112.27,26386.87,23976.42,24670.41
3/15/2023,24670.41,25196.97,23896.95,24285.66
3/16/2023,24285.66,25167.4,24123,24998.78
3/17/2023,24998.78,27756.84,24890,27395.13
3/18/2023,27395.13,27724.85,26578,26907.49
3/19/2023,26907.49,28390.1,26827.22,27972.87
3/20/2023,27972.87,28472,27124.47,27717.01
3/21/2023,27717.01,28438.55,27303.1,28105.47
3/22/2023,28107.81,28868.05,26601.8,27250.97
3/23/2023,27250.97,28750,27105,28295.41
3/24/2023,28295.42,28374.3,27000,27454.47
3/25/2023,27454.46,27787.33,27156.09,27462.95
3/26/2023,27462.96,28194.4,27417.76,27968.05
3/27/2023,27968.05,28023.86,26508.14,27124.91
3/28/2023,27124.9,27520,26631.78,27261.07
3/29/2023,27261.06,28650,27240.1,28348.6
3/30/2023,28348.6,29184.68,27686,28028.53
3/31/2023,28028.53,28656.69,27511.71,28465.36
4/1/2023,28465.36,28819.71,28220.27,28452.73
4/2/2023,28452.74,28530,27856.43,28171.87
4/3/2023,28171.87,28500.99,27200.24,27800
4/4/2023,27800,28444.44,27662.79,28165.47
4/5/2023,28165.47,28775,27805.1,28170.01
4/6/2023,28170.01,28182.05,27711,28033.82
4/7/2023,28033.83,28100,27766.94,27906.33
4/8/2023,27906.34,28154.99,27859.02,27938.38
4/9/2023,27938.38,28530,27800,28323.76
4/10/2023,28323.76,29770,28170,29637.34
4/11/2023,29637.35,30550,29590,30200.42
4/12/2023,30200.43,30486,29637.4,29888.07
4/13/2023,29888.07,30595,29854.59,30373.84
4/14/2023,30373.84,31000,29966,30466.93
4/15/2023,30466.93,30595.6,30202,30295.09
4/16/2023,30295.1,30549.99,30120,30304.65
4/17/2023,30304.66,30316.06,29240.65,29430.27
4/18/2023,29430.27,30485,29096.78,30380.01
4/19/2023,30380.01,30413.53,28520,28797.1
4/20/2023,28797.1,29088.3,28010,28243.65
4/21/2023,28243.65,28374.02,27125,27262.84
4/22/2023,27262.84,27882.72,27140.35,27816.85
4/23/2023,27816.85,27816.85,27311.25,27590.6
4/24/2023,27590.59,28000,26942.82,27510.93
4/25/2023,27510.93,28399.99,27192,28300.79
4/26/2023,28300.8,30036,27235,28415.29
4/27/2023,28415.29,29890,28378.86,29472.77
4/28/2023,29472.77,29599.54,28891,29311.7
4/29/2023,29311.69,29448.88,29031,29230.45
4/30/2023,29230.45,29969.39,29079.59,29233.21
5/1/2023,29233.2,29337.34,27666.95,28068.26
5/2/2023,28068.26,28879.88,27872,28669.86
5/3/2023,28669.85,29266.66,28113.69,29026.16
5/4/2023,29026.16,29379.83,28663.64,28838.16
5/5/2023,28838.16,29677,28800,29505.61
5/6/2023,29505.6,29820,28300,28848.2
5/7/2023,28848.19,29138.29,28395.23,28430.1
5/8/2023,28430.09,28631.01,27262,27668.79
5/9/2023,27668.8,27818,27353,27628.27
5/10/2023,27628.28,28331.42,26777,27598.75
5/11/2023,27598.74,27630.14,26702.05,26968.62
5/12/2023,26968.61,27091.12,25811.46,26795.01
5/13/2023,26795.01,27045.45,26692.03,26775.28
5/14/2023,26775.27,27200,26560.53,26917.62
5/15/2023,26917.61,27663.59,26726,27162.14
5/16/2023,27162.15,27296.89,26852.11,27033.84
5/17/2023,27033.85,27500,26544.71,27405.61
5/18/2023,27405.62,27485.33,26361.2,26821.28
5/19/2023,26821.28,27183.6,26630,26880.26
5/20/2023,26880.26,27150,26825.11,27102.43
5/21/2023,27102.42,27277.55,26666.03,26747.78
5/22/2023,26747.78,27099.89,26538.21,26849.27
5/23/2023,26849.28,27495.83,26798.11,27219.61
5/24/2023,27219.61,27219.61,26080.5,26329.01
5/25/2023,26329,26631.98,25871.89,26473.79
5/26/2023,26473.8,26932.16,26327.24,26705.92
5/27/2023,26705.93,26895,26551,26854.27
5/28/2023,26854.28,28261.32,26764.36,28065
5/29/2023,28065.01,28447.14,27524.6,27736.4
5/30/2023,27736.39,28038.59,27554,27694.4
5/31/2023,27694.39,27835.51,26839.01,27210.35
6/1/2023,27210.36,27350,26605.05,26817.93
6/2/2023,26817.93,27300,26505,27242.59
6/3/2023,27242.59,27333.29,26914.93,27069.22
6/4/2023,27069.22,27455.02,26951,27115.21
6/5/2023,27115.2,27129.33,25388,25728.2
6/6/2023,25728.2,27355.33,25351.02,27230.08
6/7/2023,27230.07,27391.77,26125.01,26339.34
6/8/2023,26339.34,26810,26210,26498.61
6/9/2023,26498.62,26783.33,26269.91,26477.81
6/10/2023,26477.8,26533.87,25358,25841.21
6/11/2023,25841.22,26206.88,25634.7,25925.55
6/12/2023,25925.54,26106.48,25602.11,25905.19
6/13/2023,25905.2,26433.21,25712.57,25934.25
6/14/2023,25934.24,26098,24820.56,25128.6
6/15/2023,25128.6,25759.01,24800,25598.49
6/16/2023,25598.49,26518,25175.56,26345
6/17/2023,26345.01,26839.99,26181,26516.99
6/18/2023,26516.99,26700,26255.85,26339.97
6/19/2023,26339.98,27068.09,26256.61,26844.35
6/20/2023,26844.35,28402.74,26652,28307.99
6/21/2023,28308,30800,28257.99,29993.89
6/22/2023,29993.89,30500,29525.61,29884.92
6/23/2023,29884.92,31431.94,29800,30688.5
6/24/2023,30688.51,30800,30250,30527.43
6/25/2023,30527.44,31046.01,30277.49,30462.66
6/26/2023,30462.67,30666,29930,30267.99
6/27/2023,30267.99,30994.97,30226.17,30692.44
6/28/2023,30692.44,30709.74,29858.8,30077.41
6/29/2023,30077.4,30843.98,30049.98,30447.31
6/30/2023,30447.31,31282,29500,30472
7/1/2023,30471.99,30661.6,30320.57,30585.9
7/2/2023,30585.9,30791,30155,30617.03
7/3/2023,30617.02,31380,30570.27,31156.2
7/4/2023,31156.2,31350.69,30620,30766.51
7/5/2023,30766.52,30878.07,30200,30504.81
7/6/2023,30504.8,31500,29850.45,29895.43
7/7/2023,29895.42,30449,29701.02,30344.7
7/8/2023,30344.7,30386.81,30044.47,30284.63
7/9/2023,30284.63,30445.52,30061.12,30160.71
7/10/2023,30160.71,31045.78,29950,30411.57
7/11/2023,30411.57,30813.63,30300,30622.1
7/12/2023,30622.1,30983.25,30210,30380
7/13/2023,30380,31804.2,30251,31454.23
7/14/2023,31454.23,31630,29900,30312.01
7/15/2023,30312,30390.9,30200,30289.52
7/16/2023,30289.52,30441.46,30064.29,30231.99
7/17/2023,30232,30336.96,29659.2,30138
7/18/2023,30138.01,30239.78,29512,29859.13
7/19/2023,29859.14,30189.09,29761.96,29909.21
7/20/2023,29909.21,30417.46,29570.96,29800
7/21/2023,29800,30061.7,29726.34,29901.72
7/22/2023,29901.72,29999,29625.1,29794
7/23/2023,29793.99,30350,29730,30083.75
7/24/2023,30083.75,30099.58,28861.9,29176.5
7/25/2023,29176.5,29376,29047.65,29228.91
7/26/2023,29228.91,29690,29096.94,29351.96
7/27/2023,29351.95,29567.49,29083.85,29222.78
7/28/2023,29222.78,29542.22,29123.12,29314.14
7/29/2023,29314.14,29406.92,29256.18,29352.9
7/30/2023,29352.9,29449,29033.24,29281.09
7/31/2023,29281.09,29530,29101.8,29232.25
8/1/2023,29232.26,29739.25,28585.7,29705.99
8/2/2023,29705.99,30047.5,28927.5,29186.01
8/3/2023,29186,29433.33,28968,29193.64
8/4/2023,29193.65,29333.08,28807.54,29113.99
8/5/2023,29114,29152.23,28978.64,29072.13
8/6/2023,29072.13,29205.09,28991.88,29088.42
8/7/2023,29088.43,29276.78,28701.03,29211.06
8/8/2023,29211.06,30244,29146.45,29770.42
8/9/2023,29770.41,30160,29376.67,29581.99
8/10/2023,29581.99,29738,29320.2,29455.75
8/11/2023,29455.76,29564.52,29252.45,29426.03
8/12/2023,29426.02,29481.35,29381.56,29430.17
8/13/2023,29430.18,29474.65,29272.32,29303.84
8/14/2023,29303.85,29695.32,29102.45,29430.93
8/15/2023,29430.92,29499.26,29059.6,29200
8/16/2023,29200.01,29259.85,28723.08,28730.51
8/17/2023,28730.51,28783.48,25166,26623.41
8/18/2023,26623.41,26832.6,25619,26054
8/19/2023,26054,26281,25801.09,26100.01
8/20/2023,26100.01,26299,25971.05,26189.99
8/21/2023,26190,26258.42,25812,26126.92
8/22/2023,26126.92,26139.42,25300,26056
8/23/2023,26055.99,26819.27,25812.82,26432.72
8/24/2023,26432.71,26577.87,25864,26180.05
8/25/2023,26180.05,26314.05,25777.15,26060.01
8/26/2023,26060,26125.77,25985.92,26017.37
8/27/2023,26017.38,26182.23,25966.11,26101.77
8/28/2023,26101.78,26253.99,25864.5,26120
8/29/2023,26120,28142.85,25922,27716.34
8/30/2023,27716.34,27768.57,27017.24,27299.99
8/31/2023,27299.99,27587.51,25655.01,25940.78
9/1/2023,25940.77,26156,25333.75,25805.05
9/2/2023,25805.04,25987.5,25752.47,25869.51
9/3/2023,25869.52,26135,25800,25971.21
9/4/2023,25971.21,26108.02,25631.21,25826.02
9/5/2023,25826.03,25915.49,25562.62,25792.1
9/6/2023,25792.11,26040,25372.51,25759.95
9/7/2023,25759.95,26443.14,25615.38,26255
9/8/2023,26255,26445.5,25647.26,25910.5
9/9/2023,25910.5,25945.09,25796.64,25901.61
9/10/2023,25901.6,26033.66,25570.57,25841.61
9/11/2023,25841.6,25900.69,24901,25162.52
9/12/2023,25162.53,26567,25131.48,25840.1
9/13/2023,25840.1,26405.22,25764.17,26222
9/14/2023,26222,26860.49,26126.77,26522.73
9/15/2023,26522.73,26888,26224,26600
9/16/2023,26599.99,26777,26445,26559.67
9/17/2023,26559.67,26623.25,26399,26527.51
9/18/2023,26527.5,27409,26377.35,26762.51
9/19/2023,26762.5,27483.57,26667.79,27210.26
9/20/2023,27210.25,27388.63,26800,27125
9/21/2023,27125.01,27159.6,26377.7,26568.08
9/22/2023,26568.08,26743.38,26468.77,26580.14
9/23/2023,26580.14,26632.81,26509,26575.96
9/24/2023,26575.97,26738.54,26122.08,26248.38
9/25/2023,26248.39,26446.15,25990.46,26304.81
9/26/2023,26304.8,26397.46,26088.34,26221.67
9/27/2023,26221.68,26850,26112.06,26372.99
9/28/2023,26373,27308.48,26342.4,27021.39
9/29/2023,27021.39,27244.89,26665.16,26906.96
9/30/2023,26906.96,27094.99,26886.31,26962.56
10/1/2023,26962.57,28065.51,26954.09,27992.57
10/2/2023,27992.58,28580,27281.44,27494.51
10/3/2023,27494.51,27676.52,27160.5,27426.46
10/4/2023,27426.45,27839.72,27202,27778.57
10/5/2023,27778.57,28120.39,27352,27410.39
10/6/2023,27410.39,28295,27175.94,27931.09
10/7/2023,27931.1,28029.67,27842.08,27956.67
10/8/2023,27956.67,28095.14,27687.5,27917.05
10/9/2023,27917.06,27987.93,27260,27590.12
10/10/2023,27590.12,27735,27298,27390.12
10/11/2023,27390.12,27477.39,26538.66,26875.52
10/12/2023,26875.52,26947.04,26555,26759.63
10/13/2023,26759.63,27130,26685,26862
10/14/2023,26862,26989.58,26789,26852.48
10/15/2023,26852.48,27293.33,26808.25,27154.15
10/16/2023,27154.14,30000,27112.66,28500.78
10/17/2023,28500.77,28613.65,28069.32,28395.91
10/18/2023,28395.91,28982.36,28142.87,28320
10/19/2023,28320,28916.89,28100.66,28713.71
10/20/2023,28713.71,30207.55,28578.29,29669.04
10/21/2023,29669.05,30379.99,29464.77,29909.8
10/22/2023,29909.8,30248,29640,29992.46
10/23/2023,29992.46,34741.91,29883.6,33069.99
10/24/2023,33069.99,35280,32832.34,33922.73
10/25/2023,33922.73,35132.85,33679.05,34496.05
10/26/2023,34496.05,34824.13,33751,34151.66
10/27/2023,34151.66,34245,33390.95,33892.02
10/28/2023,33892.01,34493.33,33860,34081
10/29/2023,34081.01,34750.11,33930,34525.89
10/30/2023,34525.88,34856,34062.84,34474.73
10/31/2023,34474.74,34720.49,34025,34639.77
11/1/2023,34639.78,35582,34097.39,35421.43
11/2/2023,35421.43,35984.99,34300,34941.59
11/3/2023,34941.58,34946.5,34120,34716.78
11/4/2023,34716.78,35255,34585.18,35062.07
11/5/2023,35062.06,35380,34448,35011.88
11/6/2023,35011.89,35276.33,34725.9,35046.09
11/7/2023,35046.09,35888,34523.06,35399.12
11/8/2023,35399.13,36106,35100,35624.72
11/9/2023,35624.72,37972.24,35534.05,36701.09
11/10/2023,36701.1,37526,36324.71,37301.63
11/11/2023,37301.63,37408.26,36666.93,37130
11/12/2023,37129.99,37222.22,36731.1,37064.13
11/13/2023,37064.13,37417.99,36333,36462.93
11/14/2023,36462.93,36744,34800,35551.19
11/15/2023,35551.2,37980,35360,37858.2
11/16/2023,37858.2,37929.54,35500,36163.51
11/17/2023,36163.51,36800,35861.1,36613.92
11/18/2023,36613.91,36845.49,36178.58,36568.1
11/19/2023,36568.11,37500,36384.02,37359.86
11/20/2023,37359.85,37750,36677,37448.78
11/21/2023,37448.79,37649.44,35735,35741.65
11/22/2023,35741.65,37861.1,35632.01,37408.34
11/23/2023,37408.35,37653.44,36870,37294.28
11/24/2023,37294.27,38414,37251.51,37713.57
11/25/2023,37713.57,37888,37591.1,37780.67
11/26/2023,37780.67,37814.63,37150,37447.43
11/27/2023,37447.42,37569.23,36707,37242.7
11/28/2023,37242.7,38377,36868.41,37818.87
11/29/2023,37818.88,38450,37570,37854.64
11/30/2023,37854.65,38145.85,37500,37723.96
12/1/2023,37723.97,38999,37615.86,38682.52
12/2/2023,38682.51,39717.14,38641.61,39450.35
12/3/2023,39450.35,40250,39274.86,39972.26
12/4/2023,39972.26,42420,39972.26,41991.1
12/5/2023,41991.1,44488,41414,44073.32
12/6/2023,44073.82,44297.21,43335.28,43762.69
12/7/2023,43762.69,44047.33,42821.1,43273.14
12/8/2023,43273.15,44700,43081.1,44170.99
12/9/2023,44171,44358.02,43584.51,43713.6
12/10/2023,43713.59,44049,43563,43789.51
12/11/2023,43789.5,43804.5,40222,41253.4
12/12/2023,41253.41,42104.12,40680,41492.39
12/13/2023,41492.38,43475.2,40555,42869.03
12/14/2023,42869.03,43420,41400,43022.26
12/15/2023,43022.26,43080.81,41666,41940.3
12/16/2023,41940.29,42724.43,41605,42278.03
12/17/2023,42278.02,42424.07,41252,41374.65
12/18/2023,41374.64,42757.81,40542.93,42657.8
12/19/2023,42657.8,43497,41811.1,42275.99
12/20/2023,42275.99,44283,42206,43668.93
12/21/2023,43668.92,44242.35,43286.72,43861.8
12/22/2023,43861.79,44398.26,43412.54,43969.04
12/23/2023,43969.04,43988.68,43291.1,43702.16
12/24/2023,43702.15,43946,42500,42991.5
12/25/2023,42991.5,43802.32,42720.43,43576.13
12/26/2023,43576.12,43592.68,41637.6,42508.93
12/27/2023,42508.93,43677,42098.69,43428.85
12/28/2023,43428.86,43787.57,42241.79,42563.76
12/29/2023,42563.76,43111,41300,42066.95
12/30/2023,42066.94,42612.32,41520.3,42140.28
12/31/2023,42140.29,42899,41965.84,42283.58
