Open time,Open,High,Low,Close,Volume
10/14/2018,201.39,203.56,194.33,197.01,110554.1936
10/15/2018,196.84,239,194.6,214.39,973857.7477
10/16/2018,214.39,219.95,211.55,215.09,145980.0984
10/17/2018,215.2,216.99,210,212.85,153768.8502
10/18/2018,212.9,215.3,203.53,206.24,150229.601
10/19/2018,206.25,208,204.21,205,254660.4864
10/20/2018,205.1,209.69,203.57,207.91,62376.6968
10/21/2018,207.91,211.99,206.74,207.49,83277.36128
10/22/2018,207.46,209.3,205,206.67,206046.8996
10/23/2018,206.67,207.8,202.14,205.85,112753.0414
10/24/2018,205.85,207.95,204.73,205.35,97128.82698
10/25/2018,205.35,205.94,202.88,203.93,77411.57217
10/26/2018,203.84,209,203,204.92,91143.83291
10/27/2018,204.92,206.15,203.09,204.45,50235.68329
10/28/2018,204.45,205.94,203.62,204.99,44394.83357
10/29/2018,204.99,205.49,195.28,196.96,118281.8227
10/30/2018,196.95,198.6,195.91,197.27,83633.81463
10/31/2018,197.24,201.45,193.01,198.73,114739.7042
11/1/2018,198.7,200.95,197.88,199.96,86097.98629
11/2/2018,199.93,203.74,199.34,202.35,97123.22813
11/3/2018,202.31,202.69,198.59,200.31,72084.92932
11/4/2018,200.27,218.76,199,212.11,182534.6216
11/5/2018,212.13,213.39,207.62,210.66,141432.1406
11/6/2018,210.64,221.25,209.11,220.74,197797.4953
11/7/2018,220.77,224.8,217.01,219.07,204931.0342
11/8/2018,219.06,220.78,212.49,212.79,189828.4945
11/9/2018,212.79,215.51,209.1,210.77,152215.9469
11/10/2018,210.78,215.55,209.02,213.25,131384.4789
11/11/2018,213.27,213.99,209,212.54,136268.8116
11/12/2018,212.6,214.22,210.9,212.89,99963.97203
11/13/2018,212.91,213.8,209.2,209.84,114466.3671
11/14/2018,209.84,210.3,176.16,187.43,434676.1683
11/15/2018,187.43,190,170.99,184.35,452416.1078
11/16/2018,184.35,185,173,176.89,241710.3476
11/17/2018,176.93,177.91,173.94,176.2,144804.7099
11/18/2018,176.2,182.94,176.1,178.97,141736.3226
11/19/2018,179.04,179.33,146.47,150.81,596789.8392
11/20/2018,150.76,154.7,126.95,133.82,996552.2872
11/21/2018,133.68,142.01,127.15,138.23,718957.7855
11/22/2018,138.36,140.4,125.64,126.63,334674.0719
11/23/2018,126.58,128.9,118.56,125.02,504352.2439
11/24/2018,125,130.81,112.32,114.89,471321.5676
11/25/2018,114.83,122.35,102.95,118.67,836233.3125
11/26/2018,118.65,121.5,106.41,110.68,679491.7387
11/27/2018,110.66,114.31,102.36,111.43,524024.4062
11/28/2018,111.38,126.8,111.37,122.9,578552.7412
11/29/2018,122.88,124,114.78,117.98,478777.3961
11/30/2018,117.99,120.26,111.09,113.73,418593.6353
12/1/2018,113.71,120.8,111.35,118.1,330159.0674
12/2/2018,118.09,120.73,116,116.57,273657.6215
12/3/2018,116.63,116.96,106.7,108.76,324446.0332
12/4/2018,108.76,113.2,106,109.94,275321.0063
12/5/2018,109.92,110.58,102.38,102.71,354071.5324
12/6/2018,102.73,104.68,90.2,91,586138.5904
12/7/2018,91.18,96.9,82.07,93.05,1030073.585
12/8/2018,93.06,98,84.55,90.38,698217.1253
12/9/2018,90.39,98.7,88.63,93.26,520519.3602
12/10/2018,93.26,95.21,88.11,89.91,408573.0293
12/11/2018,89.88,91.65,85.83,87.76,339991.8425
12/12/2018,87.77,91.31,86.63,89.41,285436.0403
12/13/2018,89.39,90.71,84.71,86.34,331218.3008
12/14/2018,86.35,87.25,82.2,83.82,318003.7343
12/15/2018,83.82,85,81.79,83.76,217360.6578
12/16/2018,83.75,87.64,83.73,84.67,241366.7631
12/17/2018,84.68,97,84.4,94.02,472252.2339
12/18/2018,94.03,101.3,91.34,100.39,529946.7918
12/19/2018,100.39,107.55,97.75,98.74,827748.591
12/20/2018,98.73,116,97.88,114.05,859612.5721
12/21/2018,113.71,118,104.76,107.69,666048.7179
12/22/2018,107.67,115.5,105.38,115.2,405672.8312
12/23/2018,115.18,131.94,114.91,129.03,936094.1049
12/24/2018,129.03,157.67,128.8,138.03,1319609.817
12/25/2018,138.01,139.26,119.68,127.6,1076164.128
12/26/2018,127.61,135.32,122.51,129.35,794834.056
12/27/2018,129.35,131.09,111.22,113.8,752177.9011
12/28/2018,113.75,136.66,111.87,135.3,894454.1905
12/29/2018,135.3,145.42,128.5,132.89,1006654.498
12/30/2018,133,139,127.03,137.77,704259.4161
12/31/2018,137.81,138.66,128.7,131.45,484604.8396
1/1/2019,131.45,140.67,130,139.1,401776.888
1/2/2019,139.1,155.37,137.76,152.01,941486.3152
1/3/2019,152.01,153.64,143.11,146.3,708091.3171
1/4/2019,146.3,154.8,143.54,151.97,805248.9382
1/5/2019,152.08,159.26,151.2,152.83,773169.1374
1/6/2019,152.83,157.4,147.51,153.86,627908.4737
1/7/2019,153.89,155.48,147.86,149.34,424765.3026
1/8/2019,149.29,151.65,145.2,147.6,441661.0678
1/9/2019,147.62,151.5,146.77,148.1,299443.563
1/10/2019,148.11,149.45,121,124.95,871751.7504
1/11/2019,124.96,127.36,120.08,124.65,545293.9837
1/12/2019,124.67,126.19,122,123.35,300262.134
1/13/2019,123.35,124.25,111.87,114.16,422561.9678
1/14/2019,114.17,130.05,113.94,126.95,546420.4085
1/15/2019,126.95,129.4,116,118.95,649020.5297
1/16/2019,118.93,126.88,118.52,121.48,513486.6547
1/17/2019,121.49,122.99,116.8,121.54,447535.2272
1/18/2019,121.56,121.98,117.66,119.17,235646.684
1/19/2019,119.16,125.29,119.14,122.6,323303.793
1/20/2019,122.61,123.32,115.68,117.47,451792.8535
1/21/2019,117.56,118.5,113.61,115.63,303632.9346
1/22/2019,115.62,119.49,111.39,117.81,359542.6387
1/23/2019,117.8,118.95,114.8,116.44,230247.6158
1/24/2019,116.4,117.15,113.61,116.39,216242.2983
1/25/2019,116.4,117.5,114.3,115.11,198617.0811
1/26/2019,115.13,118,115,115.34,146216.8282
1/27/2019,115.32,116.15,111.04,112.05,247369.6056
1/28/2019,112.04,112.87,100.91,105.5,566205.7829
1/29/2019,105.49,106.61,102.22,104.45,319768.9135
1/30/2019,104.41,109.8,103.45,108.29,330968.1927
1/31/2019,108.29,110.61,105.46,106.44,290679.6194
2/1/2019,106.47,108.35,103.77,106.73,243149.8844
2/2/2019,106.71,111.15,106.07,110.42,186908.7573
2/3/2019,110.41,111.11,105.82,107.36,227211.5406
2/4/2019,107.33,109.3,106.57,107.68,160850.1029
2/5/2019,107.65,108.18,106.47,107.27,159730.1886
2/6/2019,107.28,107.83,101.21,104.5,337204.3025
2/7/2019,104.49,106.18,103.82,104.48,147942.0768
2/8/2019,104.48,123,103.41,119.25,589950.6493
2/9/2019,119.32,121.99,117.64,119.19,328067.9574
2/10/2019,119.19,126.49,115.81,125.12,385819.0962
2/11/2019,125.12,125.28,119.24,120.89,389405.304
2/12/2019,120.88,123.89,118.18,122.41,343765.6699
2/13/2019,122.4,126.47,120.7,121.86,317827.3196
2/14/2019,121.86,124.5,120.1,120.42,297205.7874
2/15/2019,120.47,124.25,120.19,121.67,255296.0814
2/16/2019,121.66,124.99,121.54,122.67,215320.7013
2/17/2019,122.67,135.61,122.43,133.75,614788.6008
2/18/2019,133.77,148.3,132.42,145.69,1079830.15
2/19/2019,145.69,150,142.36,143.44,747968.9045
2/20/2019,143.45,149.52,139.6,148.44,614303.6101
2/21/2019,148.42,149.61,142.7,145.69,447364.4087
2/22/2019,145.68,148.85,143.85,147.36,366251.1854
2/23/2019,147.4,159.6,145.78,157.79,588183.729
2/24/2019,157.75,166,131.7,132.1,1260506.807
2/25/2019,132.1,141.55,131.89,137.87,801147.0954
2/26/2019,137.88,138.41,133.72,136.22,432944.1703
2/27/2019,136.22,140.29,126.84,135.02,567202.6104
2/28/2019,135.03,139,132.1,135.34,579327.3175
3/1/2019,135.32,137.95,134.9,135.32,302632.0283
3/2/2019,135.32,136.12,130.03,132.56,297005.2809
3/3/2019,132.54,134.6,128.01,130.6,222453.2859
3/4/2019,130.6,131.11,122.6,125.65,403947.7945
3/5/2019,125.68,137.84,125.19,136.72,512631.2318
3/6/2019,136.71,140.29,133.33,137.4,428826.8742
3/7/2019,137.37,140.2,135.2,136.81,307336.4931
3/8/2019,136.82,139.34,130.62,133.52,330283.5823
3/9/2019,133.51,138.65,132.93,137.27,279861.1205
3/10/2019,137.27,137.5,134,135.37,203965.1682
3/11/2019,135.37,136.15,131,132.67,264587.0068
3/12/2019,132.67,135.3,130.77,133.57,194905.9684
3/13/2019,133.62,133.65,130.58,131.65,209456.0985
3/14/2019,131.69,135.11,128.52,132.2,258413.8187
3/15/2019,132.24,137.62,132.18,136.56,295832.2656
3/16/2019,136.6,144.47,136.51,140.92,474664.102
3/17/2019,140.94,141.07,137.2,138.67,252697.0815
3/18/2019,138.67,142.01,136.1,137.59,281718.962
3/19/2019,137.62,139.38,136.97,138.55,218577.4521
3/20/2019,138.56,139.66,136.01,139.01,222883.5175
3/21/2019,139.04,139.55,131.21,134.85,312531.3937
3/22/2019,134.85,137.2,134.29,135.98,186119.7475
3/23/2019,135.92,138.21,135.6,137.28,174710.4306
3/24/2019,137.28,137.37,134.75,136.09,198490.4512
3/25/2019,136.12,136.83,131.6,133.98,230880.285
3/26/2019,133.97,134.74,132.27,134.18,183139.1143
3/27/2019,134.14,140.14,133.84,139.45,317167.4533
3/28/2019,139.46,139.57,137.3,137.86,163185.6991
3/29/2019,137.85,143.6,137.62,143.25,235853.0454
3/30/2019,143.25,145.89,140.06,142.46,254798.7007
3/31/2019,142.44,142.5,140.42,141.38,142469.2117
4/1/2019,141.41,143.08,139.57,141.24,234310.1916
4/2/2019,141.24,165.6,141,163.31,906868.8586
4/3/2019,163.26,177.81,149.23,159.96,1345344.538
4/4/2019,159.96,164,152.8,157.36,686080.9525
4/5/2019,157.33,167.83,155.94,164.77,516070.3455
4/6/2019,164.84,172.77,159.2,165.5,528168.333
4/7/2019,165.56,175.43,164.06,174.21,465507.525
4/8/2019,174.29,185.87,170.9,178.72,873410.0729
4/9/2019,178.71,179.17,171.05,174.6,431986.3611
4/10/2019,174.58,183.77,168,177.12,523943.205
4/11/2019,177.12,177.48,158.27,164.07,661305.3032
4/12/2019,164.06,166.5,158.11,163.19,316337.8782
4/13/2019,163.2,165.37,160.74,162.99,179237.7457
4/14/2019,162.99,168.11,161.2,167.23,186977.6621
4/15/2019,167.21,168.81,155.7,159.95,351548.9079
4/16/2019,159.91,166.73,159.41,165.37,240370.5044
4/17/2019,165.41,167.28,163.78,165.75,227841.5498
4/18/2019,165.75,175.2,165.04,173.33,396118.9441
4/19/2019,173.34,173.55,168.59,172.64,320541.7217
4/20/2019,172.66,176.97,169.87,172.88,253596.4841
4/21/2019,172.89,173.48,164.82,168.59,283450.4394
4/22/2019,168.59,172.3,167,170.52,269868.3988
4/23/2019,170.52,175.83,167.78,169.16,363523.3453
4/24/2019,169.15,169.87,159.26,164.78,426497.0415
4/25/2019,164.78,165.49,150.35,154.72,422657.0324
4/26/2019,154.7,162.56,151.4,157.95,500355.8628
4/27/2019,157.93,166.24,156.35,159.31,215918.6384
4/28/2019,159.32,160.24,156.92,157.85,152976.3018
4/29/2019,157.86,159.05,152,155.11,243591.949
4/30/2019,155.14,162.89,155.11,161.83,305056.2465
5/1/2019,161.85,163.88,158.36,160.19,192517.6276
5/2/2019,160.2,163.48,158.5,161.81,289519.0203
5/3/2019,161.82,170.86,160.99,168.06,416357.5212
5/4/2019,168.1,171.3,159.76,163.7,312928.5835
5/5/2019,163.71,165.36,159.18,163.05,176029.1045
5/6/2019,163.05,178.05,157.55,173,506528.1428
5/7/2019,172.98,182.76,167.89,169.18,732496.8786
5/8/2019,169.07,173.17,164.8,170.85,296436.2938
5/9/2019,170.88,173.88,166.57,170.9,284663.9946
5/10/2019,170.96,176.7,168.46,172.91,425543.7402
5/11/2019,172.92,205.23,172.92,190.2,885292.3839
5/12/2019,190.2,204.32,181,188.11,823372.2815
5/13/2019,188.07,206.87,185.32,195.84,669265.4652
5/14/2019,195.83,219.81,194.19,216.4,864211.006
5/15/2019,216.4,250.27,216.21,248.1,574697.2993
5/16/2019,248.06,279.76,241.76,264.25,1733360.894
5/17/2019,264.35,268.74,223.43,244.3,1529892.569
5/18/2019,244.31,248,230.62,233.6,673218.0998
5/19/2019,233.57,264,231.77,259.51,823859.0634
5/20/2019,259.37,259.49,238,250.37,666889.8224
5/21/2019,250.48,262,246.06,253.43,580249.6975
5/22/2019,253.35,260.18,239.63,243.64,592848.9561
5/23/2019,243.68,247.34,231.1,244.56,600193.8937
5/24/2019,244.63,254.35,241.54,248.87,447066.926
5/25/2019,248.84,257.33,247.22,250.22,332544.3873
5/26/2019,250.17,269.4,245.11,264.45,450090.2232
5/27/2019,264.35,279.59,260,270.53,635463.502
5/28/2019,270.7,275.95,264.45,271.03,409443.6936
5/29/2019,271.08,274.04,260.05,268.83,383412.4577
5/30/2019,268.92,288.62,240.14,254.56,1066279.494
5/31/2019,254.59,268.72,245.21,267.9,602153.8724
6/1/2019,267.9,275.5,260.68,264.33,455676.9861
6/2/2019,264.33,273.2,263.2,268.88,301536.1506
6/3/2019,268.87,270,248,249.91,397360.6528
6/4/2019,250.02,251.67,234.39,241.39,633822.7125
6/5/2019,241.46,250.41,237.37,245.63,335953.3793
6/6/2019,245.62,250.66,235.01,248.76,297579.1473
6/7/2019,248.77,253.28,243.46,248.77,353378.6568
6/8/2019,248.78,250.53,240.37,243.25,188448.2775
6/9/2019,243.33,244.53,226.56,230.98,316931.8564
6/10/2019,231.02,247.45,227.03,246.51,314662.5264
6/11/2019,246.61,247.8,236.49,244.29,237508.428
6/12/2019,244.36,261.87,242.2,261.15,336499.3016
6/13/2019,261.13,262.98,253.69,254.67,291757.2164
6/14/2019,254.67,264.26,251.75,262.47,327383.2824
6/15/2019,262.48,272.27,260.61,267.82,286594.9803
6/16/2019,267.78,277.06,263.31,267.73,458176.5424
6/17/2019,267.73,276,266.81,273.16,339277.6671
6/18/2019,273.14,273.58,261.45,264.66,319941.5516
6/19/2019,264.68,270,263.59,268.14,208375.6838
6/20/2019,268.16,273.63,265.71,271.22,200717.7737
6/21/2019,271.27,295.94,271.22,294.35,519818.0691
6/22/2019,294.25,314.39,289.69,310.79,726254.6706
6/23/2019,310.7,321.7,305.58,308.52,418812.0275
6/24/2019,308.42,314.41,298,311.64,352791.2696
6/25/2019,311.65,318.99,307,318.26,345559.6505
6/26/2019,318.29,366.8,315.57,339.39,1008551.287
6/27/2019,339.53,347,280.01,298.35,1016826.449
6/28/2019,298.35,313.58,295.22,311.05,529174.4772
6/29/2019,310.95,324.74,295.18,317.62,425555.1626
6/30/2019,317.64,323.5,290.12,292.7,489028.5684
7/1/2019,292.89,303.49,280.13,295.07,489769.2742
7/2/2019,295.03,297.57,272.65,291.48,493772.9658
7/3/2019,291.47,302.89,285,301.14,370521.9664
7/4/2019,301.11,302.74,280.53,282.73,270791.3688
7/5/2019,282.86,294.89,280.78,287.47,261139.2834
7/6/2019,287.32,296.71,285.28,288.29,196064.6471
7/7/2019,288.29,309.69,284.25,304.72,246111.366
7/8/2019,304.72,313.74,300.78,311.97,289607.3418
7/9/2019,311.96,318.19,302.69,307.46,309447.3493
7/10/2019,307.46,314.18,281.04,289.23,457080.9406
7/11/2019,289.23,289.23,262.12,268.63,501592.7521
7/12/2019,268.67,278.99,266.21,274.62,266734.5421
7/13/2019,274.53,275.04,262.2,268.79,205959.2685
7/14/2019,268.8,269.74,222.81,225.85,540052.5842
7/15/2019,225.83,235.58,203.08,228.2,715991.2069
7/16/2019,228.2,234.5,192.25,198.88,715604.832
7/17/2019,198.94,219.86,191.84,210.81,694854.1013
7/18/2019,210.8,229.65,205.71,225.73,609081.4909
7/19/2019,225.75,226.23,212.52,220.73,371622.2187
7/20/2019,220.84,235.09,219.78,228.2,325393.9723
7/21/2019,228.25,229.66,216.99,225.38,270046.1519
7/22/2019,225.49,228.34,212.25,217.51,271310.4045
7/23/2019,217.59,219.55,208.36,212.48,317876.4824
7/24/2019,212.55,218.28,202,216.31,331162.6484
7/25/2019,216.31,225.12,215.23,219.14,280370.2963
7/26/2019,219.14,220,212.71,218.81,197781.9865
7/27/2019,218.81,223.3,203,207.3,301209.4111
7/28/2019,207.3,213.52,198.24,211.62,218801.1669
7/29/2019,211.58,215.83,206.59,210.89,226941.28
7/30/2019,210.84,214.36,204.4,209.58,222683.7939
7/31/2019,209.57,218.79,209.2,218.42,207213.5566
8/1/2019,218.42,219.39,210.54,216.84,186806.1884
8/2/2019,216.8,222.18,214.31,217.61,206867.0304
8/3/2019,217.69,224.51,216.62,222.14,181591.953
8/4/2019,222.14,223.34,216.9,221.79,135622.0258
8/5/2019,221.79,236.25,221.79,233.54,307956.2721
8/6/2019,233.53,239.15,223.03,226.28,341279.0816
8/7/2019,226.31,231.25,220.95,226.1,279104.7037
8/8/2019,226.11,228.5,215.51,221.39,236886.3542
8/9/2019,221.38,221.79,207.3,210.53,232062.1276
8/10/2019,210.52,215,202.6,206.48,252614.0239
8/11/2019,206.48,216.94,206.14,216.42,188474.0905
8/12/2019,216.41,216.81,209.75,211.41,122760.9462
8/13/2019,211.58,214.3,204,209.3,166922.482
8/14/2019,209.31,209.9,183.49,187.1,325228.9893
8/15/2019,187.08,189.95,181.23,188.03,237953.0943
8/16/2019,187.98,188.39,178.04,184.88,282177.0158
8/17/2019,184.83,187,181.83,185.59,138799.6151
8/18/2019,185.67,197.91,183.35,194.33,175363.5062
8/19/2019,194.32,203.59,192.7,202.28,239541.5978
8/20/2019,202.24,202.75,194.45,196.6,189297.7549
8/21/2019,196.55,197.2,179.53,187.45,284973.6419
8/22/2019,187.45,195.14,182.8,190.35,245575.9877
8/23/2019,190.36,196.19,188.16,194.02,192548.5155
8/24/2019,194.02,194.09,185.63,190.6,167806.3429
8/25/2019,190.6,192.4,182.8,186.54,169862.9152
8/26/2019,186.54,193.7,186,188.67,254397.7947
8/27/2019,188.61,189.49,184.75,187.24,157898.563
8/28/2019,187.3,188.25,166.48,173.03,334480.6176
8/29/2019,173.03,173.5,163.61,169.01,295241.216
8/30/2019,169.03,170.77,165.55,168.5,238616.6887
8/31/2019,168.48,174.98,165.63,171.57,194999.1958
9/1/2019,171.52,173.42,167.61,170.74,191140.5237
9/2/2019,170.73,181,170.02,178.05,294627.3125
9/3/2019,178,183,174.09,178.75,327857.8545
9/4/2019,178.79,180.14,173,174.72,286226.2517
9/5/2019,174.7,176.19,168.1,173.75,232753.836
9/6/2019,173.74,177.87,165,169.08,315822.3798
9/7/2019,169.11,180.8,168.3,177.62,253831.2317
9/8/2019,177.58,184.18,176.13,181.19,290083.475
9/9/2019,181.18,185.38,176.01,180.54,273729.9487
9/10/2019,180.52,184.36,177,179.81,238387.51
9/11/2019,179.87,182.8,173,178.28,278555.4671
9/12/2019,178.3,182.38,176.62,180.72,203543.1366
9/13/2019,180.71,181.38,177.54,180.95,264422.5406
9/14/2019,180.96,188.79,179.75,188.13,279371.8342
9/15/2019,188.14,190.45,185.76,189.03,288928.6083
9/16/2019,189.05,199.44,188.3,197.22,551006.8169
9/17/2019,197.23,215.13,195.74,207.84,715863.2262
9/18/2019,207.85,217.27,207.66,210.21,539028.5101
9/19/2019,210.27,223.94,202.3,220.24,844358.8216
9/20/2019,220.26,221.54,212.05,218.03,437804.1267
9/21/2019,218.01,221.5,213.2,215.05,417891.5242
9/22/2019,215.04,215.61,206.1,211.2,445388.9479
9/23/2019,211.2,211.68,198.65,201.29,392437.0708
9/24/2019,201.25,202.98,150.03,165.81,1478218.827
9/25/2019,165.72,174.85,161.88,169.96,879001.4621
9/26/2019,169.96,171.01,152.11,165.92,779942.1715
9/27/2019,165.92,176.72,161.03,173.79,634932.9671
9/28/2019,173.83,175.49,168,173.49,521775.4659
9/29/2019,173.5,174.5,164.12,169.24,410855.1218
9/30/2019,169.26,181.24,165.01,180.85,580295.3997
10/1/2019,180.89,185.53,173.19,175.66,609972.5272
10/2/2019,175.65,181.29,173.65,180.24,348268.1162
10/3/2019,180.24,180.72,169.55,174.69,354756.7848
10/4/2019,174.71,178.98,170.74,175.55,333897.6388
10/5/2019,175.55,176.71,172.02,176.25,278488.6177
10/6/2019,176.23,177.04,167.68,170.1,314932.3963
10/7/2019,170.08,182.32,168.68,179.85,496523.4804
10/8/2019,179.88,184.87,177,180.6,400832.3783
10/9/2019,180.61,195.53,178.96,192.62,562506.8219
10/10/2019,192.61,194.2,186.88,191.14,436588.5845
10/11/2019,191.18,196.65,179.41,180.72,621693.6313
10/12/2019,180.65,184.64,177.59,179.68,290415.2204
10/13/2019,179.65,184.95,178.52,180.99,247589.2323
10/14/2019,180.98,187.54,180.43,186.72,279732.8461
10/15/2019,186.7,188.37,175.96,180.49,405466.3811
10/16/2019,180.52,181.44,171.81,174.47,347764.9346
10/17/2019,174.52,178.96,172.61,177.16,298795.8198
10/18/2019,177.17,177.44,168.66,172.74,319602.4851
10/19/2019,172.78,174.98,169.44,171.79,296918.7303
10/20/2019,171.84,176.88,169.21,175.22,299141.0715
10/21/2019,175.18,177.9,171.59,173.98,270608.5139
10/22/2019,174,175.04,170.3,171.2,255429.4162
10/23/2019,171.19,171.49,153.45,162.35,746955.0981
10/24/2019,162.35,163.72,158.72,160.38,387310.8377
10/25/2019,160.39,187.78,160.25,181.5,904832.8606
10/26/2019,181.53,197.74,173.8,179.49,1211737.437
10/27/2019,179.42,188.7,176.22,183.75,724423.4053
10/28/2019,183.84,189.48,180.35,181.72,582179.4455
10/29/2019,181.67,192.74,181.26,190.46,529964.5054
10/30/2019,190.45,191.71,179.28,183.13,537770.4306
10/31/2019,183.14,185.27,177.66,182.18,410969.861
11/1/2019,182.19,184.5,177.02,182.85,331519.7696
11/2/2019,182.86,186,181.53,182.91,179864.3974
11/3/2019,182.9,184.7,178.95,181.54,232621.5215
11/4/2019,181.53,188.64,180.36,185.71,321175.2913
11/5/2019,185.71,192.51,182.22,188.68,389668.6472
11/6/2019,188.65,195.09,187.72,191.16,343219.9224
11/7/2019,191.16,192.27,184.59,186.68,309882.0821
11/8/2019,186.67,188.26,181.41,183.74,365029.7503
11/9/2019,183.71,185.79,182.63,184.89,192073.3804
11/10/2019,184.86,191.58,183.3,188.96,274940.5345
11/11/2019,188.96,190.19,184.06,184.98,255579.9343
11/12/2019,184.98,187.65,182.41,187.09,256782.6312
11/13/2019,187.09,189.66,185.3,188.11,197273.84
11/14/2019,188.07,188.72,183.34,184.92,245505.2997
11/15/2019,184.93,186.7,177.67,180,407466.7896
11/16/2019,179.99,183.46,179.3,182.37,172801.5258
11/17/2019,182.37,186.09,180,183.82,198892.4372
11/18/2019,183.82,184.06,175.01,178.2,293551.2363
11/19/2019,178.2,178.52,172.65,175.94,275886.6411
11/20/2019,175.93,177.41,173.5,174.72,216315.9331
11/21/2019,174.75,175.85,157.26,161.01,473895.9299
11/22/2019,161.02,162.79,138,149.56,977977.2379
11/23/2019,149.55,154.33,146.11,151.84,369721.0996
11/24/2019,151.84,152.86,138.62,139.96,352319.2156
11/25/2019,139.99,151.5,131.45,145.69,749675.413
11/26/2019,145.81,149.97,143.37,147.47,354023.043
11/27/2019,147.47,155.54,140.84,152.62,564796.4284
11/28/2019,152.61,154.63,149.09,150.72,317714.5633
11/29/2019,150.69,157.6,150.23,154.57,328712.2556
11/30/2019,154.54,155.25,149.7,151.37,226863.413
12/1/2019,151.43,152.49,145.79,150.73,344178.1409
12/2/2019,150.72,151.42,146.71,148.65,233839.0973
12/3/2019,148.66,149.93,145.77,147.17,196329.225
12/4/2019,147.19,151.98,143.15,145.38,434490.4652
12/5/2019,145.45,149.02,143.64,148.1,299073.5397
12/6/2019,148.11,149.77,145.74,148.45,220674.6858
12/7/2019,148.46,149.49,146.85,147.14,140471.6859
12/8/2019,147.16,151.62,146.11,150.44,205301.6026
12/9/2019,150.44,151.19,146.56,147.38,243775.9925
12/10/2019,147.4,148.57,143.81,145.56,203215.8494
12/11/2019,145.53,146.34,142.12,143.39,157843.1048
12/12/2019,143.41,145.85,139.24,144.87,261615.3044
12/13/2019,144.87,146,142.8,144.8,160695.1856
12/14/2019,144.8,145.07,141.18,141.79,126232.592
12/15/2019,141.79,144.12,139.92,142.46,151189.6588
12/16/2019,142.46,142.72,127.93,132.73,471018.8594
12/17/2019,132.72,132.98,119.11,121.88,563257.36
12/18/2019,121.88,134.87,116.26,132.78,884960.9133
12/19/2019,132.8,134,125.69,128.1,420674.8172
12/20/2019,128.1,129.39,125.84,128.19,213897.4673
12/21/2019,128.19,128.4,126.5,126.99,135196.1164
12/22/2019,127,133.07,126.82,132.09,253140.7241
12/23/2019,132.12,135.1,126,127.8,421600.7566
12/24/2019,127.8,129.69,126.61,127.75,200637.101
12/25/2019,127.7,127.84,123.07,125.09,225004.4909
12/26/2019,125.09,132.26,124.32,125.58,274986.521
12/27/2019,125.58,127.1,121.91,126.29,240012.3745
12/28/2019,126.28,129.68,125.84,128.11,196893.5228
12/29/2019,128.11,138.07,127.52,134.36,316347.2667
12/30/2019,134.36,136.24,130.3,131.59,320347.2196
12/31/2019,131.61,133.68,128.17,129.16,264933.9842
1/1/2020,129.16,133.05,128.68,130.77,144770.522
1/2/2020,130.72,130.78,126.38,127.19,213757.0581
1/3/2020,127.19,135.14,125.88,134.35,413055.189
1/4/2020,134.37,135.85,132.5,134.2,184276.171
1/5/2020,134.2,138.19,134.19,135.37,254120.4534
1/6/2020,135.37,144.41,134.86,144.15,408020.2738
1/7/2020,144.14,145.31,138.76,142.8,447762.1728
1/8/2020,142.8,147.77,137.03,140.72,570465.5776
1/9/2020,140.76,141.5,135.3,137.74,366076.0657
1/10/2020,137.73,145.17,135.32,144.84,409403.5951
1/11/2020,144.83,148.05,142.09,142.38,368350.5794
1/12/2020,142.4,146.6,141.76,146.54,229541.8614
1/13/2020,146.56,147,142.27,143.58,207996.6187
1/14/2020,143.58,171.7,143.51,165.64,1108476.312
1/15/2020,165.6,171.98,159.2,166.4,721687.8038
1/16/2020,166.4,167.4,157.8,164.21,456170.8672
1/17/2020,164.24,174.81,162.14,169.85,767180.6785
1/18/2020,169.92,179.5,164.92,174.14,688783.1798
1/19/2020,174.1,178.05,161.66,166.79,624681.286
1/20/2020,166.79,169.33,161.24,166.87,358092.8841
1/21/2020,166.86,170.32,164.8,169.49,308007.6353
1/22/2020,169.48,171.47,166.03,168.07,272240.9029
1/23/2020,168.07,168.2,159.21,162.81,373414.3499
1/24/2020,162.85,164.45,155.55,162.54,430013.199
1/25/2020,162.51,162.79,157.61,160.35,219921.652
1/26/2020,160.36,168.08,159.41,167.86,251582.5576
1/27/2020,167.91,172.56,165.22,170.08,365894.8192
1/28/2020,170.04,176.2,170.03,175.64,473433.8961
1/29/2020,175.58,178.45,173.33,173.72,317382.9016
1/30/2020,173.68,187,170.93,184.69,477721.6609
1/31/2020,184.71,185.82,175.22,179.99,385596.5337
2/1/2020,179.94,184.28,179.23,183.6,259370.129
2/2/2020,183.63,193.43,179.1,188.44,552621.1362
2/3/2020,188.48,195.19,186.62,189.69,417175.9578
2/4/2020,189.74,191.6,184.69,188.91,366389.6969
2/5/2020,188.91,207.61,188.19,203.78,550942.1142
2/6/2020,203.78,216.33,201.02,213.19,608240.2233
2/7/2020,213.16,225,213.14,223.33,629361.1547
2/8/2020,223.36,227.75,213.22,223.05,548551.8747
2/9/2020,223.01,230.65,222.86,228.49,350336.244
2/10/2020,228.53,229.4,216.37,222.89,510415.4995
2/11/2020,222.89,239.15,218.17,236.69,595576.9028
2/12/2020,236.69,275.34,236.69,265.74,1038073.748
2/13/2020,265.74,277.69,256.08,268.32,1089679.154
2/14/2020,268.34,287.15,260.28,285.15,734944.3227
2/15/2020,285.11,288.41,261.86,264.88,860813.1427
2/16/2020,264.91,274,237.41,258.85,1110118.464
2/17/2020,258.89,268.77,242,267.85,1110371.391
2/18/2020,267.9,285.88,258,282.61,1115523.44
2/19/2020,282.64,285,251.56,258.45,705973.7299
2/20/2020,258.44,264.33,245.34,256.96,972969.7169
2/21/2020,256.97,268.24,253.61,265.27,525827.8734
2/22/2020,265.32,266.81,256,261.57,313062.5213
2/23/2020,261.55,275.68,261.02,274.48,444740.8288
2/24/2020,274.5,277.2,257.09,265.52,696591.7298
2/25/2020,265.47,266.22,244.44,246.67,774791.0103
2/26/2020,246.67,250.32,215.66,223.93,1395879.415
2/27/2020,223.98,238.3,210,227.79,1273793.117
2/28/2020,227.73,234.67,214.01,226.76,1054994.924
2/29/2020,226.76,233,217,217.21,546866.6851
3/1/2020,217.29,227.89,212.36,217.81,715016.0194
3/2/2020,217.81,234.4,216.07,231.97,810051.4833
3/3/2020,232.1,232.46,219.57,223.91,741498.5483
3/4/2020,223.84,228.85,220.23,224.26,443780.3377
3/5/2020,224.26,234.09,224.23,228.38,601479.8759
3/6/2020,228.38,245.16,227.33,244.88,628147.3257
3/7/2020,244.93,251.93,236,237.23,633748.8966
3/8/2020,237.23,237.23,195.5,199.43,1278973.537
3/9/2020,199.43,208.62,190,202.81,1661331.836
3/10/2020,202.79,206.2,195.54,200.7,1020260.107
3/11/2020,200.74,203.18,181.73,194.61,1079824.902
3/12/2020,194.61,195.55,101.2,107.82,3814533.14
3/13/2020,107.67,139.68,86,134.06,4663239.929
3/14/2020,134.06,134.68,120,122.54,1237674.886
3/15/2020,122.54,133.5,120.16,123.78,1312950.901
3/16/2020,123.82,124.33,101.1,111.02,2442064.144
3/17/2020,111.02,120.8,109.38,115.67,1295108.485
3/18/2020,115.67,118.5,109.86,118.11,1201850.313
3/19/2020,118.11,143.13,115.46,136.3,1801071.188
3/20/2020,136.3,152.55,116.74,133.48,2504057.638
3/21/2020,133.49,137.49,125.69,132.66,1231842.111
3/22/2020,132.63,137.13,121.1,122.32,1055699.865
3/23/2020,122.31,137.5,119.5,135.92,1436796.124
3/24/2020,135.89,143.36,132.2,138.42,1244377.163
3/25/2020,138.42,142.33,132.54,136.1,1034248.744
3/26/2020,136.11,139.74,133.26,138.4,751060.631
3/27/2020,138.4,141.27,129.68,131.33,706948.5456
3/28/2020,131.33,132.97,124.88,130.98,896032.1059
3/29/2020,130.94,131.84,123.81,124.5,543997
3/30/2020,124.47,135.42,124.06,132.06,764831.9275
3/31/2020,132.09,135,130.38,132.72,547669.2779
4/1/2020,132.72,136.99,128.62,135.69,680922.2475
4/2/2020,135.65,149.76,135.01,141.28,1138977.661
4/3/2020,141.27,146.72,137.26,141.31,797546.1145
4/4/2020,141.3,146.28,138.88,144.1,573508.1409
4/5/2020,144.1,145.58,140.68,142.68,414987.4525
4/6/2020,142.69,172,142.6,171.32,1636338.731
4/7/2020,171.32,176.22,162.22,164.63,1717962.825
4/8/2020,164.62,174.48,163.59,173.11,1023575.921
4/9/2020,173.15,173.38,165.19,169.52,719837.2442
4/10/2020,169.56,170.1,152.11,157.81,1314841.362
4/11/2020,157.81,161.37,153.91,158.33,621599.6129
4/12/2020,158.33,164.78,155,158.59,809100.2459
4/13/2020,158.56,158.97,150,156.29,1042091.036
4/14/2020,156.28,161.85,155.23,158.45,698030.6509
4/15/2020,158.46,161.29,152,152.73,729119.6651
4/16/2020,152.74,174.79,148.33,172.29,1647207.6
4/17/2020,172.31,174.96,168.31,170.69,723537.7559
4/18/2020,170.61,189.54,170.48,187.4,1127296.37
4/19/2020,187.4,188.35,175.75,180.03,995759.5775
4/20/2020,180.02,186.46,166.7,170.2,1547821.527
4/21/2020,170.21,174.7,168,170.74,906381.654
4/22/2020,170.73,184,169.78,182.7,988698.3908
4/23/2020,182.7,193.63,178.16,185.51,1457867.087
4/24/2020,185.57,189.8,184.72,187.59,780904.2126
4/25/2020,187.6,198.36,185.76,194.21,866478.0493
4/26/2020,194.21,200,192.3,197.38,758525.8153
4/27/2020,197.39,199.05,189.29,196.34,896627.3727
4/28/2020,196.33,198.5,192.36,196.24,636829.894
4/29/2020,196.24,218.77,196.22,215.36,1620422.724
4/30/2020,215.4,227.3,202,206.08,1749691.002
5/1/2020,206.07,217.14,205.91,212.02,794913.9583
5/2/2020,212.01,215.37,210.36,213.9,443494.6725
5/3/2020,213.89,219.3,203.92,209.86,748383.9131
5/4/2020,209.86,210.65,194.88,206.48,1114249.327
5/5/2020,206.47,211.68,201,205.29,640644.6627
5/6/2020,205.3,210.77,197.71,198.97,862700.6785
5/7/2020,198.92,215.1,196.43,212,1305778.738
5/8/2020,212.01,216.61,206.9,211.31,917908.1944
5/9/2020,211.32,214.6,208.4,210.07,587871.9807
5/10/2020,210.09,210.18,179.59,187.54,1473226.055
5/11/2020,187.62,193.5,176,185.73,1093299.819
5/12/2020,185.8,192.24,185.48,189.76,669755.7957
5/13/2020,189.77,201,188.35,199.58,806143.007
5/14/2020,199.61,206.02,195.67,203.29,1114700.249
5/15/2020,203.29,204.08,191.66,194.86,904749.6357
5/16/2020,194.87,203.5,193.21,200.45,669900.0375
5/17/2020,200.44,209.85,199.68,207,708711.8932
5/18/2020,207.02,217.07,207,214.91,1064139.249
5/19/2020,214.92,215.95,209.45,214.58,643702.9885
5/20/2020,214.6,215.75,204.27,209.98,679532.6104
5/21/2020,209.99,211.64,191.71,198.74,1003923.434
5/22/2020,198.72,209.19,196.24,207.36,787672.3608
5/23/2020,207.36,211.2,204.55,206.6,478559.9201
5/24/2020,206.6,210.55,199.5,199.9,673535.0578
5/25/2020,199.9,205.67,198.01,204.15,469931.6249
5/26/2020,204.22,205,196.9,200.89,477176.7353
5/27/2020,200.92,208.44,200.76,208.29,494816.7273
5/28/2020,208.29,220.5,204.67,220.21,643945.9777
5/29/2020,220.24,224.79,217.57,220.67,603058.0759
5/30/2020,220.63,247,218.8,243.66,1019550.751
5/31/2020,243.71,245.39,229.58,231.57,821608.6888
6/1/2020,231.56,250.68,230.66,248.23,823816.6994
6/2/2020,248.23,253.8,225,237.71,955520.9186
6/3/2020,237.71,245,232.71,244.52,502928.1337
6/4/2020,244.54,246.6,236,243.21,669369.3392
6/5/2020,243.22,247.87,239.14,240.03,502547.411
6/6/2020,240.04,244.7,237.83,241.94,389423.078
6/7/2020,241.94,245.37,234.6,244.56,571102.5552
6/8/2020,244.57,247.7,240.59,246.4,383116.5472
6/9/2020,246.37,249.82,238,243.8,420327.1713
6/10/2020,243.79,250.28,242,247.78,431285.6172
6/11/2020,247.78,250.09,226.2,230.51,816456.8916
6/12/2020,230.46,239.38,228.19,237.55,446515.3412
6/13/2020,237.55,238.73,234.66,238.11,253797.7809
6/14/2020,238.13,238.59,229.83,231.77,304943.2119
6/15/2020,231.74,233.55,218.27,230.86,875026.9206
6/16/2020,230.86,236,228.7,235.3,499194.6676
6/17/2020,235.31,237.3,227.65,233.82,478187.2917
6/18/2020,233.82,234.65,227.93,231.27,334347.7992
6/19/2020,231.26,231.95,226.74,229,397284.5981
6/20/2020,229,230.85,225.62,228.89,303704.9883
6/21/2020,228.88,231.49,227.11,228.04,256305.2373
6/22/2020,228.03,246.89,227.51,243.13,749030.1111
6/23/2020,243.11,244.87,240.75,243.14,442296.3148
6/24/2020,243.15,249.24,231.07,234.58,921634.0534
6/25/2020,234.57,235.39,227.56,232.5,613748.5935
6/26/2020,232.49,233.61,227.75,229.64,628340.0701
6/27/2020,229.66,231.42,216,220.94,645950.6144
6/28/2020,220.94,227.96,218.32,224.93,444766.5688
6/29/2020,224.89,229.96,221.26,227.93,597915.5224
6/30/2020,227.98,228.7,222.91,225.6,415036.0298
7/1/2020,225.59,232.71,224.16,230.99,517351.5887
7/2/2020,230.99,232.01,222.87,226.46,592485.9112
7/3/2020,226.46,228.13,223.97,224.87,314578.5004
7/4/2020,224.86,230.71,224.43,229.17,307726.4659
7/5/2020,229.24,229.85,223.05,227.56,355747.1201
7/6/2020,227.54,242,226.93,241.6,864817.507
7/7/2020,241.6,243.77,234.4,239.39,600424.9721
7/8/2020,239.39,248.88,237.78,246.95,958185.8371
7/9/2020,246.94,247.9,237.88,241.98,647641.5829
7/10/2020,241.97,242.16,235.72,241.26,455025.1239
7/11/2020,241.27,241.67,237.54,239.19,294476.0063
7/12/2020,239.19,244,236.52,242.79,469315.1172
7/13/2020,242.76,245.33,237.33,239.5,604093.0425
7/14/2020,239.5,242.09,237,240.44,426320.8919
7/15/2020,240.45,241.45,236.83,238.61,368350.6652
7/16/2020,238.59,239.39,230.02,233.57,587161.7389
7/17/2020,233.58,234.84,231.65,232.67,325600.2144
7/18/2020,232.66,236.8,232.32,235.67,341356.6182
7/19/2020,235.67,239.92,233.28,239.11,348803.5207
7/20/2020,239.12,239.72,234.05,236.01,396657.9194
7/21/2020,236,246.66,235.57,245.59,637462.0807
7/22/2020,245.53,269.61,241.51,263.74,718417.683
7/23/2020,263.75,279.98,259.7,275.3,1068774.579
7/24/2020,275.31,287.34,266,279.15,926033.0669
7/25/2020,279.15,308.94,279.09,305.26,1058927.306
7/26/2020,305.31,318.75,299,311,1270368.753
7/27/2020,311.02,333.31,310.78,321.93,1636122.347
7/28/2020,321.95,326.8,305.86,316.77,1093231.556
7/29/2020,316.77,325,312.38,317.71,792802.3215
7/30/2020,317.76,342,314.05,334.87,1008827.567
7/31/2020,334.82,349.45,328.4,346.33,948088.4498
8/1/2020,346.32,392.67,343.07,387,1440843.342
8/2/2020,387.01,415.85,325,372.42,2324909.096
8/3/2020,372.45,398,366.5,385.94,1191565.094
8/4/2020,385.91,402.98,380.77,389.61,1180792.424
8/5/2020,389.59,407,384.11,400.72,1124119.067
8/6/2020,400.72,403.66,390.51,394.77,821379.084
8/7/2020,394.77,398.26,362.85,379.34,1041207.359
8/8/2020,379.34,397.05,375.79,397.03,623029.7805
8/9/2020,397.05,400,383.36,390.14,594900.5813
8/10/2020,390.14,399.18,385.13,395.44,826969.9063
8/11/2020,395.43,398.21,367,379,992412.6023
8/12/2020,378.99,389.23,365.85,387.18,751848.7983
8/13/2020,387.18,431.49,376.59,424.54,1511330.773
8/14/2020,424.54,444.71,417.05,438.11,1109670.943
8/15/2020,438.12,442.94,427.02,432.32,681698.5971
8/16/2020,432.3,436.99,412.47,433.62,716666.2526
8/17/2020,433.61,446,420.37,430.89,868870.65
8/18/2020,430.89,433.81,415,421.95,743254.5702
8/19/2020,421.92,426.75,393.25,407.46,978339.6922
8/20/2020,407.46,418.98,402.07,415.94,663555.7345
8/21/2020,415.94,418.68,385.1,387.97,860998.7256
8/22/2020,387.93,397.04,379.92,395.24,643235.7654
8/23/2020,395.23,396.95,383.15,390.71,445317.8199
8/24/2020,390.72,410.42,387.44,407.68,717403.8188
8/25/2020,407.68,409.06,370,382.93,970445.384
8/26/2020,382.91,392.91,377.37,385.81,738690.7794
8/27/2020,385.81,397.1,371.48,383.27,877763.7366
8/28/2020,383.31,398,379.75,395.11,732601.4691
8/29/2020,395.1,405.69,391.88,398.65,659802.6334
8/30/2020,398.65,429.89,398.3,428.94,894979.7179
8/31/2020,428.94,439,418.04,433.79,1040748.689
9/1/2020,433.8,488.84,429.03,475.4,1751354.577
9/2/2020,475.4,481.39,420,439.5,1880642.469
9/3/2020,439.5,450.7,372,381.4,2408569.342
9/4/2020,381.35,400.21,357,385.26,1806488.225
9/5/2020,385.3,395,308.42,335.01,2777166.514
9/6/2020,335.04,360,316.1,352.8,2017811.147
9/7/2020,352.85,358.51,323,353.59,1740618.425
9/8/2020,353.59,356.58,325.38,337.39,1400246.83
9/9/2020,337.41,359,330.51,350.85,879760.5626
9/10/2020,350.85,377.25,349.91,367.93,1134287.611
9/11/2020,367.93,375.27,355.49,373.63,844017.5997
9/12/2020,373.62,388.57,364.73,387.78,766542.3164
9/13/2020,387.78,390.43,350,366.42,989195.6905
9/14/2020,366.43,384.64,355.73,377.12,1042059.623
9/15/2020,377.12,382.47,362.34,364.06,883856.3301
9/16/2020,364.05,373.45,355,365.11,841709.9894
9/17/2020,365.04,394.14,363.3,389.36,1256300.411
9/18/2020,389.35,392.58,375.33,384.39,804194.4722
9/19/2020,384.4,388.72,377,385.25,570908.3355
9/20/2020,385.25,385.45,365,371.04,693164.4014
9/21/2020,371.04,376.8,331,340.36,1283946.031
9/22/2020,340.31,346.91,335.34,344.21,842731.1288
9/23/2020,344.18,344.65,313.29,320.72,940904.4976
9/24/2020,320.72,353.1,316.67,348.97,1071705.097
9/25/2020,348.97,358,337.58,351.92,860643.7792
9/26/2020,351.93,356.4,345.88,353.92,530879.2076
9/27/2020,353.95,362.14,347.24,357.49,569568.5504
9/28/2020,357.58,368.2,351.7,353.96,757758.4304
9/29/2020,353.91,360.63,350.45,359.79,585143.1689
9/30/2020,359.78,361.5,351.56,359.83,498943.2323
10/1/2020,359.83,370.45,345.51,352.85,758349.3196
10/2/2020,352.83,354.55,334.24,345.6,733571.8421
10/3/2020,345.6,351,343.7,345.95,303595.719
10/4/2020,345.94,354.45,343.81,352.37,343932.9171
10/5/2020,352.34,356.1,348.54,353.62,376740.3069
10/6/2020,353.63,355.1,336.8,340.75,640063.2695
10/7/2020,340.8,342.85,332.18,341.58,541928.8638
10/8/2020,341.58,353.32,334.21,350.95,631794.8756
10/9/2020,350.94,368.33,347.32,365.02,650478.1934
10/10/2020,365.01,378.4,364.71,370.52,591005.3213
10/11/2020,370.51,377.6,368.87,374.16,373318.2378
10/12/2020,374.17,394.8,365.58,386.51,844422.6544
10/13/2020,386.51,387.75,374.51,381.04,645141.9139
10/14/2020,381.05,387.41,373.13,378.69,569557.8294
10/15/2020,378.69,381.79,369.85,377.64,634038.0945
10/16/2020,377.63,379.83,361.18,365.5,654029.364
10/17/2020,365.5,370.46,363.36,368.32,285578.2454
10/18/2020,368.31,378.64,367.1,378.11,323468.471
10/19/2020,378.12,384.32,372.5,379.3,577252.9027
10/20/2020,379.3,380.73,365.27,368.52,617309.8168
10/21/2020,368.53,401.49,367.74,390.38,1221663.638
10/22/2020,390.31,420.73,390.21,413.98,1095897.207
10/23/2020,413.94,419.33,401.3,409.11,727832.3224
10/24/2020,409.19,416.66,407,412.14,419236.8711
10/25/2020,412.14,417.4,402.5,405.86,415586.9761
10/26/2020,405.85,411.11,382.3,392.52,895142.6727
10/27/2020,392.52,410.25,389.9,403.45,754261.7411
10/28/2020,403.41,409.2,380.52,388.23,855275.4688
10/29/2020,388.22,393.72,380.52,387.13,573096.0142
10/30/2020,387.12,391.97,373.29,382.49,771750.7475
10/31/2020,382.59,394.88,379.9,386.46,467453.8105
11/1/2020,386.44,398.29,384.61,396.67,438952.9557
11/2/2020,396.68,404.5,377.92,383.02,779968.5796
11/3/2020,383.01,390,370.23,387.88,752954.3711
11/4/2020,387.88,408.39,376.47,402.49,1157064.351
11/5/2020,402.5,420.4,396.14,416.69,1475139.773
11/6/2020,416.73,458.27,414.76,455.91,1682440.96
11/7/2020,455.91,468.28,424.14,435.21,1653416.596
11/8/2020,435.2,460.1,431.99,454.3,840908.4684
11/9/2020,454.29,459.1,433.09,444.32,1099213.246
11/10/2020,444.32,455,438.7,450.34,866872.4111
11/11/2020,450.34,476.25,449.28,463.09,1205782.843
11/12/2020,463.09,470,451.2,462.39,990776.6291
11/13/2020,462.48,478.01,457.12,476.43,976665.0975
11/14/2020,476.42,477.47,452,460.89,735252.7854
11/15/2020,460.9,462.89,440.19,448.08,665217.5667
11/16/2020,448.07,466,445.45,460.55,812060.4464
11/17/2020,460.51,484.88,459.8,482.15,1151573.375
11/18/2020,482.11,495.31,456.6,478.41,1477696.291
11/19/2020,478.43,480.75,464.86,471.25,817418.5269
11/20/2020,471.26,514.4,470.65,510.12,1516361.907
11/21/2020,510.12,553.32,502.82,552.35,1548851.291
11/22/2020,552.42,580.88,511.28,560.03,1850317.936
11/23/2020,560.03,610.85,550.12,608.58,2076008.848
11/24/2020,608.58,623,585,604.97,1606450.492
11/25/2020,604.98,606,553.83,569.5,1219440.027
11/26/2020,569.38,577.14,481,519.83,2683460.742
11/27/2020,519.83,530.62,493.72,518.68,1088064.281
11/28/2020,518.59,547.94,506.59,537.52,900508.6143
11/29/2020,537.5,576.9,530.32,576.3,855276.4666
11/30/2020,576.32,616.85,570.07,616.66,1501989.454
12/1/2020,616.65,635.7,560,585.26,2163875.814
12/2/2020,585.26,604.93,575,596.89,1069538.656
12/3/2020,596.88,623.44,585.82,615.85,935687.9172
12/4/2020,615.84,620,565.82,567.24,1052452.787
12/5/2020,567.24,597.11,560.88,596.8,701567.9556
12/6/2020,596.82,607.5,583,601.54,602496.9634
12/7/2020,601.59,603.15,584.22,591.28,498329.3759
12/8/2020,591.27,595,549.22,554.94,804443.0072
12/9/2020,554.92,578.08,530.43,573.09,997192.1674
12/10/2020,573.2,575.7,548.11,558.99,608414.5147
12/11/2020,558.99,560.8,535.5,544.43,768921.7832
12/12/2020,544.46,574,543.1,568.04,573913.9531
12/13/2020,568.09,595,563.22,590.7,657794.4616
12/14/2020,590.81,591.48,575.6,586.29,493012.0271
12/15/2020,586.29,597.2,578.58,588.64,569270.5201
12/16/2020,588.78,640,580.71,637.18,1185588.051
12/17/2020,637.18,676.25,625.76,642.7,2006130.02
12/18/2020,642.71,664.61,629.4,653.85,1000012.98
12/19/2020,653.76,669.95,645.42,658.03,858803.8846
12/20/2020,658.05,661.39,621.01,638.18,823958.2284
12/21/2020,638.1,648,595.9,607.58,843251.1657
12/22/2020,607.68,637.73,588,636.45,918851.2565
12/23/2020,636.41,638.44,551.28,585.56,1208807.365
12/24/2020,585.48,615.02,565.43,612.31,886335.8633
12/25/2020,612.31,634.24,604.28,626.82,798009.6292
12/26/2020,626.78,652.91,615.26,637.44,958585.5065
12/27/2020,637.44,717.13,625,685.11,1859968.15
12/28/2020,685.1,748.09,681.04,730.41,1627154.393
12/29/2020,730.4,740.78,689.2,732,1106876.359
12/30/2020,732,758.74,716.62,752.17,1008574.099
12/31/2020,752.17,755.74,722,736.42,863375.5798
1/1/2021,736.42,749,714.29,728.91,675114.0933
1/2/2021,728.91,787.69,714.91,774.56,1352618.577
1/3/2021,774.44,1011.07,768.71,978.28,2813603.886
1/4/2021,978.33,1162.97,890,1041.43,4245010.94
1/5/2021,1041.45,1134.6,974.45,1099.56,2706995.675
1/6/2021,1100.16,1213,1057.26,1208.42,2390136.593
1/7/2021,1208.75,1289,1131,1224.87,1972922.821
1/8/2021,1224.86,1273.75,1065,1216.93,2131172.923
1/9/2021,1216.72,1304.37,1171.36,1276,1448871.115
1/10/2021,1276,1348.33,1170,1254.25,1951179.35
1/11/2021,1254.24,1260,915,1087.01,4099450.9
1/12/2021,1087,1150.02,1006.33,1050.16,2302645.341
1/13/2021,1050.36,1137.65,987.48,1129.89,1564202.391
1/14/2021,1129.79,1247.55,1086.7,1231.62,1555737.386
1/15/2021,1231.89,1256.98,1069.42,1168.53,1944038.837
1/16/2021,1168.48,1298,1151.77,1227.83,1575384.438
1/17/2021,1227.83,1269.02,1165,1232.45,1317285.006
1/18/2021,1232.5,1260.75,1182.58,1258.45,998050.1107
1/19/2021,1258.52,1438.3,1251.49,1365.36,2278852.558
1/20/2021,1365.36,1407.93,1235.42,1376.99,2219137.621
1/21/2021,1376.72,1390,1086,1110.96,2310208.573
1/22/2021,1111.98,1273.79,1042.31,1232.62,2020593.217
1/23/2021,1232.61,1272.44,1195.9,1233.6,1009545.083
1/24/2021,1233.46,1398.83,1220,1392.51,1510879.538
1/25/2021,1392.19,1475,1293.69,1317.88,1885441.313
1/26/2021,1317.6,1378.49,1244.56,1365.97,1682923.658
1/27/2021,1366.54,1373.9,1207,1239.03,2009772.084
1/28/2021,1238.93,1360,1217.23,1329.69,1365269.72
1/29/2021,1329.44,1436.9,1285.35,1379.5,2253963.187
1/30/2021,1379.56,1406,1326.41,1378.05,1040042.236
1/31/2021,1378.04,1380.74,1281.12,1312.55,958704.8557
2/1/2021,1312.45,1377.99,1269.99,1374.17,1096397.919
2/2/2021,1374.09,1547.9,1360.28,1511.87,1944227.999
2/3/2021,1511.93,1669.35,1508.39,1664.49,1535869.888
2/4/2021,1664.67,1695.2,1554.44,1595.67,1646502.33
2/5/2021,1595.53,1760.49,1591,1719.19,1194123.299
2/6/2021,1718.95,1743.67,1642.94,1676.35,1149808.331
2/7/2021,1676.35,1693,1490.46,1611.62,1281734.868
2/8/2021,1611.46,1775.57,1563.89,1750.15,1339777.095
2/9/2021,1749.68,1821.88,1708.49,1769.13,1185071.896
2/10/2021,1769.14,1837.86,1680,1740.78,1219932.255
2/11/2021,1740.76,1819,1703.44,1785.62,735079.827
2/12/2021,1785.83,1864.88,1739.88,1840.26,909600.2065
2/13/2021,1840.24,1871.72,1765,1814.96,767589.0729
2/14/2021,1815.25,1850,1784.11,1800.42,675261.7787
2/15/2021,1800.03,1835.72,1655.67,1779.25,1053474.579
2/16/2021,1779.33,1827.28,1724,1781.99,817493.4751
2/17/2021,1781.99,1855,1733.01,1849.88,795711.6331
2/18/2021,1849.7,1950.5,1849.69,1939.61,937227.1019
2/19/2021,1938.91,1972.82,1891,1955,793404.4115
2/20/2021,1955.46,2042.34,1803.14,1913,1261315.813
2/21/2021,1912.9,1976.31,1883.01,1933.53,756568.1974
2/22/2021,1933.54,1936.29,1551,1777.58,1807244.981
2/23/2021,1777.42,1782.39,1355,1577.89,2547837.821
2/24/2021,1577.79,1712.7,1500.2,1623.39,1384388.817
2/25/2021,1623.16,1671.59,1459.16,1481.75,1032670.794
2/26/2021,1482.08,1562.25,1400,1444.59,1355973.294
2/27/2021,1444.56,1529,1425,1458.13,927423.0475
2/28/2021,1458.27,1468.75,1293.18,1419.18,1410207.563
3/1/2021,1418.67,1572,1409.91,1569.86,1094695.178
3/2/2021,1570,1602.9,1455.52,1486.78,1061142.387
3/3/2021,1486.79,1656.94,1475.47,1567.69,1054846.315
3/4/2021,1567.68,1624.87,1506.36,1539.23,946365.6709
3/5/2021,1539.22,1548.96,1441.66,1528.31,910786.2898
3/6/2021,1528.08,1671.58,1513.03,1650.35,1013300.939
3/7/2021,1650.68,1734.16,1630.35,1726.16,848470.7814
3/8/2021,1726.46,1843.59,1664.96,1833.18,1149711.4
3/9/2021,1833.22,1870.77,1798.2,1870.51,857229.4786
3/10/2021,1870.5,1877.69,1757,1795.12,937230.6283
3/11/2021,1795.28,1846.7,1725,1825.78,909011.4961
3/12/2021,1825.78,1841.88,1719.72,1766.1,869564.6361
3/13/2021,1766.13,1944.3,1727.75,1922.35,926283.2264
3/14/2021,1922.35,1933.1,1836,1848.1,637963.6363
3/15/2021,1848.1,1891.76,1730,1793.48,1025326.797
3/16/2021,1793.99,1819.5,1711.68,1805.12,764993.4015
3/17/2021,1805.01,1838.88,1741.18,1823.58,658349.4484
3/18/2021,1823.58,1850,1759.04,1776.08,603721.6106
3/19/2021,1775.92,1840.61,1733.47,1809.1,500258.4288
3/20/2021,1809.01,1868.83,1800.86,1806.1,451556.1064
3/21/2021,1806.57,1817.16,1747,1782.98,465953.9875
3/22/2021,1783.23,1807.51,1655.15,1680.97,582727.4908
3/23/2021,1681.17,1721.17,1650,1668.08,577213.9959
3/24/2021,1668.2,1740.86,1536.92,1581.84,753834.5239
3/25/2021,1581.88,1622,1549.4,1585.74,701697.0026
3/26/2021,1585.83,1699.93,1585.79,1698.84,515470.9291
3/27/2021,1698.84,1732.67,1666.41,1712.63,443845.4996
3/28/2021,1712.52,1725.66,1661.4,1687.01,348895.5131
3/29/2021,1687.16,1841,1677.85,1816.74,647724.4639
3/30/2021,1816.76,1859.13,1786.3,1840.46,568842.0053
3/31/2021,1840.41,1947.29,1768.15,1919.37,746995.8591
4/1/2021,1919.37,1984.77,1885.02,1968.05,741585.0727
4/2/2021,1968.05,2146,1948.48,2133.69,846197.9322
4/3/2021,2133.69,2138.12,1996.3,2008.52,770176.3219
4/4/2021,2008.59,2091.83,1975.24,2075.69,514345.7655
4/5/2021,2075.7,2130.64,2002.15,2107.38,684923.6149
4/6/2021,2107.43,2151,2044.65,2112.21,673386.0558
4/7/2021,2112.22,2129.01,1930.01,1963.47,892984.9042
4/8/2021,1963.46,2084.61,1947.35,2080.46,501355.998
4/9/2021,2080.39,2100,2047.57,2066.87,426387.4379
4/10/2021,2067.19,2200,2058,2133.49,655458.2089
4/11/2021,2133.49,2165.02,2113.4,2151.36,392265.5077
4/12/2021,2151.42,2203.46,2102,2137.69,579093.3569
4/13/2021,2137.86,2318,2135.53,2299.19,782608.6209
4/14/2021,2299.19,2447.29,2281.33,2432.6,972931.6087
4/15/2021,2432.59,2543.47,2400,2514.04,681950.9665
4/16/2021,2514.04,2548.29,2300,2422.67,999163.7521
4/17/2021,2422.38,2495,2310,2317.6,624232.2557
4/18/2021,2317.65,2340,1946.8,2235.64,1475383.692
4/19/2021,2235.65,2300,2080,2161.12,820592.2656
4/20/2021,2161.12,2346.62,2055,2330.03,992240.809
4/21/2021,2330.26,2469.54,2235.16,2357.06,1177885.862
4/22/2021,2357.06,2644.47,2303.44,2397.94,2220753.097
4/23/2021,2397.94,2442.89,2107,2367.39,2532242.442
4/24/2021,2367.39,2368.74,2154.8,2213.35,997688.9462
4/25/2021,2214.08,2356.64,2168,2320.49,857517.3822
4/26/2021,2320.44,2542.8,2303.64,2532.6,1076469.014
4/27/2021,2532.06,2680,2480.29,2666.13,771728.4645
4/28/2021,2666.13,2760,2559.44,2748.24,999383.1852
4/29/2021,2748.23,2798,2668,2757.04,863890.0107
4/30/2021,2757.04,2798.3,2723.09,2772.42,695339.2048
5/1/2021,2772.42,2954.28,2743.41,2944.77,690260.0774
5/2/2021,2944.83,2985,2852.26,2949.56,571982.5445
5/3/2021,2949.33,3454,2949.32,3431.04,1329088.063
5/4/2021,3431.04,3527,3160,3239.01,1826039.386
5/5/2021,3239.01,3549.34,3200.23,3524.26,1174816.736
5/6/2021,3524.33,3605.4,3376.47,3489.73,920592.5771
5/7/2021,3489.74,3587,3353.23,3479.53,760544.6478
5/8/2021,3479.79,3958.33,3449.27,3910.26,1130467.549
5/9/2021,3910.26,3983.65,3726.08,3923.95,1000401.008
5/10/2021,3923.95,4208,3650,3945.88,1505897.926
5/11/2021,3946.63,4180.22,3771.64,4173.45,1095927.104
5/12/2021,4173.46,4372.72,3701.58,3823.21,1601842.74
5/13/2021,3810.15,4034.77,3500,3717.91,2068708.174
5/14/2021,3717.92,4173.28,3691.35,4075.01,1153390.426
5/15/2021,4075.02,4134.05,3632,3646.68,1039174.881
5/16/2021,3646.24,3879,3343.06,3582.1,1324065.659
5/17/2021,3581.81,3587.06,3102,3282.51,1904012.44
5/18/2021,3282.25,3565.71,3240,3375.07,1287110.841
5/19/2021,3375.08,3441.73,1888,2438.92,4309836.319
5/20/2021,2438.92,2990.05,2155,2768.62,2942777.93
5/21/2021,2767.87,2938.54,2101,2430.98,2727031.935
5/22/2021,2430.98,2485,2145,2294.87,1684318.012
5/23/2021,2295.45,2381.57,1728.74,2096.39,2914548.731
5/24/2021,2096.63,2675,2079.94,2648.43,2186632.922
5/25/2021,2647.92,2750,2378.54,2705.11,2115349.504
5/26/2021,2705.1,2910,2643,2884.94,1583799.593
5/27/2021,2884.82,2889.74,2633.68,2742.23,1099029.912
5/28/2021,2742.23,2762.45,2327.38,2412.1,1554584.614
5/29/2021,2412.34,2574.27,2204.1,2278.74,1379427.189
5/30/2021,2278.74,2476.42,2180.53,2385.98,1151113.199
5/31/2021,2385.82,2720,2271.44,2706.15,1307958.041
6/1/2021,2706.15,2740,2523.74,2634.57,1179577.108
6/2/2021,2634.31,2802.99,2550,2706.22,970070.5356
6/3/2021,2706.21,2891.95,2662.4,2857.25,1024290.894
6/4/2021,2857.25,2860,2552,2689.51,1188314.112
6/5/2021,2689.54,2816.87,2552.23,2627.73,961824.1241
6/6/2021,2627.63,2745,2614,2711.92,673792.6937
6/7/2021,2711.92,2847.55,2570,2592.05,1152128.079
6/8/2021,2592.05,2620.99,2304.91,2507.23,1693747.428
6/9/2021,2507.43,2626.63,2405.28,2610.18,1276718.24
6/10/2021,2610.2,2624.46,2425.11,2471.09,741237.4993
6/11/2021,2471.01,2497.99,2321.37,2354.01,587364.2736
6/12/2021,2354.09,2454.53,2256.22,2370.74,767439.4984
6/13/2021,2370.64,2548.41,2308.41,2509.33,715948.7599
6/14/2021,2509.33,2609.17,2461,2580.77,684183.5562
6/15/2021,2580.58,2640,2507.7,2543.54,599826.6493
6/16/2021,2543.55,2556.19,2351.18,2367.89,624741.7836
6/17/2021,2368.02,2460.5,2306,2373.28,560667.5857
6/18/2021,2373.28,2378,2139,2234.09,778905.202
6/19/2021,2234.09,2278.82,2161.67,2164.67,496872.25
6/20/2021,2165.34,2280.01,2040.68,2243.47,743883.6474
6/21/2021,2243.49,2260.16,1865.54,1885.49,1629819.666
6/22/2021,1885.27,1998,1700.48,1879.28,1695338.081
6/23/2021,1879.29,2045,1821.95,1968.14,918612.3049
6/24/2021,1967.95,2036.61,1884.79,1989.52,701231.6748
6/25/2021,1989.53,2019.99,1791.22,1808.82,858808.5477
6/26/2021,1808.97,1852.8,1717.32,1829.64,832315.149
6/27/2021,1829.84,1984.5,1804.26,1982.28,696055.7931
6/28/2021,1982.27,2145,1960.52,2084.41,1044244.683
6/29/2021,2084.42,2245,2073.57,2165.33,831257.2328
6/30/2021,2165.46,2287.78,2087.99,2275.68,910583.6032
7/1/2021,2275.68,2275.93,2073.12,2106.41,787865.2514
7/2/2021,2106.41,2160,2018.5,2154.13,672282.3748
7/3/2021,2153.95,2240,2112.01,2226.99,569264.801
7/4/2021,2226.99,2389.93,2189.58,2322.69,590656.2507
7/5/2021,2322.69,2324.64,2157.32,2196.53,781806.3161
7/6/2021,2196.85,2350,2193,2322.5,785330.1715
7/7/2021,2322.51,2409,2291.9,2316.57,666501.3557
7/8/2021,2316.25,2325.6,2084.79,2116.33,880265.0412
7/9/2021,2116.32,2189.4,2046.51,2146.99,738611.363
7/10/2021,2146.99,2194.82,2074.16,2110.69,499071.859
7/11/2021,2110.68,2174,2081.02,2140.45,342294.403
7/12/2021,2140.54,2167.83,2006.68,2031.58,540630.1074
7/13/2021,2031.57,2047.35,1918,1940.15,647388.2497
7/14/2021,1940.44,2019.18,1865,1994.58,690505.6094
7/15/2021,1994.41,2042.88,1881,1919.51,645271.3256
7/16/2021,1919.54,1965,1850,1876.26,577068.8972
7/17/2021,1876.47,1919.19,1844.45,1899.59,430300.5158
7/18/2021,1899.5,1993.79,1877.1,1891.64,534837.6365
7/19/2021,1891.65,1919,1805,1818.73,547419.9377
7/20/2021,1818.73,1841.34,1706,1786.03,786257.272
7/21/2021,1786.03,2035.23,1747.55,1995.5,1115949.82
7/22/2021,1995.5,2046,1947.62,2024.56,768854.3659
7/23/2021,2024.27,2130.9,1993.22,2124.25,708160.9132
7/24/2021,2124.26,2199.5,2105.58,2184.75,633075.1859
7/25/2021,2184.9,2197.41,2105.93,2189.79,535630.27
7/26/2021,2189.82,2433.65,2171.57,2228.08,1393738.163
7/27/2021,2227.81,2319.26,2150.5,2299.49,906359.2348
7/28/2021,2299.47,2345,2243.15,2300.9,718202.5773
7/29/2021,2300.9,2400,2266.12,2382.92,499364.835
7/30/2021,2382.93,2471.7,2315.92,2461.81,762577.288
7/31/2021,2461.77,2553.86,2420.68,2531.05,507601.0503
8/1/2021,2531.1,2697.61,2511.24,2555.69,853495.9408
8/2/2021,2555.5,2666,2507,2606.93,726701.8495
8/3/2021,2606.92,2632.44,2442.32,2509.04,792960.8438
8/4/2021,2508.51,2772.71,2457.68,2724.78,954590.7536
8/5/2021,2724.55,2843.98,2529.91,2826.99,1307720.207
8/6/2021,2827.01,2946.75,2720.06,2891.58,825399.4864
8/7/2021,2891.54,3171,2865.5,3160.31,1205277.101
8/8/2021,3160.48,3189.99,2949.03,3011.85,966349.7058
8/9/2021,3011.84,3186,2893.23,3160.52,1129584.616
8/10/2021,3160.51,3233,3051.22,3141.66,880675.7444
8/11/2021,3141.14,3274,3120.27,3160.5,732546.6043
8/12/2021,3160.4,3239,2979.29,3045.96,737628.4581
8/13/2021,3046.11,3327.83,3033.8,3322.32,579333.4032
8/14/2021,3322.33,3330.98,3200,3263.16,486102.5379
8/15/2021,3263.16,3320,3111.13,3307.09,565579.6777
8/16/2021,3307.35,3335,3135.22,3146.53,635667.0542
8/17/2021,3147.18,3290,2991.89,3011.72,804996.0697
8/18/2021,3011.73,3125.81,2950,3014.55,625103.2557
8/19/2021,3014.18,3188,2958.33,3184.12,634769.9217
8/20/2021,3184.11,3300,3177.16,3284.82,558127.4554
8/21/2021,3284.81,3309.16,3207,3223.43,421156.0908
8/22/2021,3223.36,3272,3126.42,3238,406479.0765
8/23/2021,3238,3377.89,3230.02,3321.28,602103.4461
8/24/2021,3321.28,3357.85,3147.31,3170.62,540480.0785
8/25/2021,3170.63,3248,3080,3226.87,483697.6944
8/26/2021,3226.88,3250,3053.3,3093.2,442298.4737
8/27/2021,3093.06,3280,3060.18,3273.45,451027.8071
8/28/2021,3273.89,3287,3210.31,3244.48,262360.3492
8/29/2021,3244.75,3285,3152.34,3223.47,335806.7827
8/30/2021,3223.47,3347.95,3143,3229.64,625347.2754
8/31/2021,3229.14,3476,3188.77,3429.2,863071.1309
9/1/2021,3429.19,3842,3382.22,3826.82,845759.9587
9/2/2021,3826.82,3836.8,3717.04,3785.82,525165.7996
9/3/2021,3785.82,4027.88,3705.05,3938.11,655903.7574
9/4/2021,3938.11,3970,3832.5,3885.52,364478.1193
9/5/2021,3885.61,3980,3830,3950.29,365759.8597
9/6/2021,3950.28,3970,3864.3,3926.77,397768.5783
9/7/2021,3926.67,3947.15,3005,3434.57,1203536.002
9/8/2021,3434.84,3560,3215.16,3499,780611.7657
9/9/2021,3499.01,3567.06,3390.4,3424.93,628553.8831
9/10/2021,3424.94,3514.11,3150,3208.86,633026.2659
9/11/2021,3208.85,3348.37,3200,3267.21,413524.1761
9/12/2021,3267.1,3474.16,3231.1,3404.21,408858.9595
9/13/2021,3404.3,3430.3,3108.49,3285.35,647855.7199
9/14/2021,3285.09,3437.05,3269.95,3434.37,373634.9026
9/15/2021,3434.37,3616.16,3357.78,3613.55,428507.5278
9/16/2021,3613.55,3676.28,3481.14,3567.98,467985.4919
9/17/2021,3567.97,3594.17,3350.07,3399.81,398888.3705
9/18/2021,3399.89,3541.96,3368.88,3435.64,315162.7627
9/19/2021,3435.64,3456.53,3277.74,3328.62,312948.0013
9/20/2021,3328.57,3347.82,2913.39,2977.28,917939.5785
9/21/2021,2977.32,3105.83,2652,2765.9,971519.8894
9/22/2021,2766.72,3088.88,2737.54,3076.92,677457.6483
9/23/2021,3076.92,3174.5,3033.85,3152.5,459293.8858
9/24/2021,3152.41,3158.52,2733,2928.53,932090.8856
9/25/2021,2928.22,2967.52,2801.57,2921.73,491974.0226
9/26/2021,2921.84,3115.51,2738.17,3059.37,703594.478
9/27/2021,3059.36,3164.94,2922.71,2925.59,510130.7319
9/28/2021,2924.76,2970.82,2789,2804.91,511325.4643
9/29/2021,2805.15,2950,2782,2850.45,411305.0893
9/30/2021,2850.45,3048.42,2837.19,3000.61,506896.7612
10/1/2021,3000.62,3330,2969.07,3309.91,648714.6151
10/2/2021,3309.91,3469,3257,3387.76,422551.1811
10/3/2021,3387.77,3488,3342.51,3417.73,360586.8905
10/4/2021,3417.73,3437.19,3270,3386.31,485204.642
10/5/2021,3386.31,3545,3363.78,3515.27,393900.8818
10/6/2021,3515.48,3632.11,3342,3574.89,618265.5402
10/7/2021,3574.88,3653.98,3470.8,3587.47,486102.3591
10/8/2021,3587.47,3695,3532,3563.13,403597.1437
10/9/2021,3563.13,3635,3538.07,3574.82,361906.7514
10/10/2021,3574.83,3604,3405,3414.22,580223.6302
10/11/2021,3414.22,3623.8,3371,3542.12,493521.882
10/12/2021,3542.12,3547.11,3403.21,3491.46,409377.1918
10/13/2021,3491.43,3613,3412.7,3607.42,393463.1222
10/14/2021,3607.41,3824,3586.04,3790.82,481894.1473
10/15/2021,3790.82,3907.77,3734.1,3868.99,504321.732
10/16/2021,3868.38,3971,3803.56,3829.96,373727.8549
10/17/2021,3829.96,3919.19,3640,3846.85,368898.9831
10/18/2021,3847,3893.14,3676,3744.96,401819.9734
10/19/2021,3744.96,3886.89,3732,3877.03,341268.3723
10/20/2021,3876.98,4169,3828.05,4161.15,537383.0973
10/21/2021,4161.37,4375,4013.13,4052.99,798566.5581
10/22/2021,4053,4167.41,3888,3972.2,463222.5428
10/23/2021,3972.19,4172,3937.51,4167.12,326576.9601
10/24/2021,4167.13,4186.57,3961.5,4082.33,350115.8386
10/25/2021,4082.33,4236,4067.71,4220.37,347438.6534
10/26/2021,4220.36,4297,4090.21,4131.52,414498.1599
10/27/2021,4131.52,4307,3909,3922,704604.25
10/28/2021,3921.99,4295,3890.17,4286.02,626378.5055
10/29/2021,4286.01,4460.47,4265.97,4418.89,559231.0769
10/30/2021,4418.89,4434.06,4232.2,4322.68,340223.069
10/31/2021,4322.68,4399.14,4164.35,4287.21,412856.2893
11/1/2021,4287.48,4386.58,4146.3,4319.43,417620.7073
11/2/2021,4319.43,4599.6,4284.43,4589.89,468184.793
11/3/2021,4589.68,4665.87,4455,4603.35,448658.3513
11/4/2021,4603.35,4606.65,4420.08,4532.32,368218.257
11/5/2021,4532.31,4570.05,4438.8,4474.24,305651.7244
11/6/2021,4474.24,4530,4326.17,4518,322154.0973
11/7/2021,4518,4637.98,4502.37,4612.59,243596.5952
11/8/2021,4612.59,4822.97,4612,4807.98,391102.3181
11/9/2021,4807.98,4838.28,4713.89,4732.33,311267.58
11/10/2021,4732.33,4868,4461.93,4628.78,553596.9916
11/11/2021,4628.68,4779,4576.47,4719,303688.9765
11/12/2021,4719,4809.71,4507.85,4665.46,461580.0415
11/13/2021,4665.47,4707.6,4584.08,4644.28,220720.6611
11/14/2021,4644.27,4696.05,4514.12,4626.5,245309.0674
11/15/2021,4626.5,4772.01,4540,4563.78,375421.6601
11/16/2021,4563.77,4563.77,4103,4209.76,735857.063
11/17/2021,4209.59,4299.91,4063.48,4287.8,472852.1842
11/18/2021,4288.07,4344.81,3956.44,3996.9,576945.1837
11/19/2021,3996.9,4308.97,3973.01,4294.76,420045.0897
11/20/2021,4294.75,4435.88,4199.86,4412.17,365584.578
11/21/2021,4412.17,4451,4242.41,4258.31,340206.3203
11/22/2021,4259.7,4320,4022.74,4085.97,518501.3338
11/23/2021,4086.28,4385.59,4059.62,4339.44,502811.7902
11/24/2021,4339.45,4373.94,4167.65,4269.36,448727.0306
11/25/2021,4270.1,4550,4248.27,4524.85,445868.2434
11/26/2021,4524.48,4551,3913,4041.2,720245.1612
11/27/2021,4041.2,4183.66,4028.34,4095.29,275326.5202
11/28/2021,4095.29,4298.51,3964,4294.78,346471.3551
11/29/2021,4294.77,4458.92,4276.89,4444.53,406881.2284
11/30/2021,4444.54,4753,4346.36,4630.26,743024.4662
12/1/2021,4630.25,4778.75,4523.99,4582.95,508198.3105
12/2/2021,4582.95,4634.83,4433,4511.21,451861.9545
12/3/2021,4511.35,4654.88,4032.5,4215.73,677974.8659
12/4/2021,4215.01,4238.59,3503.68,4117.25,1111773.145
12/5/2021,4117.25,4248.19,4031.39,4196.44,536325.4413
12/6/2021,4196.44,4376.15,3921,4347.59,726742.9638
12/7/2021,4347.57,4425,4255.92,4306.4,420749.751
12/8/2021,4306.4,4450.49,4222.95,4436.91,429403.9351
12/9/2021,4436.91,4488,4076.16,4105.64,462173.711
12/10/2021,4105.64,4231.08,3887.37,3897.94,563236.5671
12/11/2021,3898.31,4097.08,3828.22,4089.37,427853.4343
12/12/2021,4089.68,4173.63,3986.25,4130,260535.5157
12/13/2021,4130,4142.75,3671.45,3781.93,533467.2307
12/14/2021,3781.92,3882.74,3685,3858.99,395145.7462
12/15/2021,3858.99,4092.22,3643.73,4019.08,542068.0573
12/16/2021,4019.54,4113.43,3942.11,3958.11,368780.031
12/17/2021,3959.11,3994.1,3700,3875.42,463370.9225
12/18/2021,3875.43,3996.93,3767.01,3959.93,339593.2543
12/19/2021,3959.93,4032.43,3884,3924.14,306006.323
12/20/2021,3924.14,3983.37,3753,3944.73,366916.4771
12/21/2021,3944.72,4063,3913.21,4014.15,340826.3553
12/22/2021,4014.41,4074.87,3933.4,3979.51,303191.8076
12/23/2021,3979.51,4150,3893.23,4111.41,380207.8166
12/24/2021,4111.41,4134.84,4017.17,4046.36,230833.1661
12/25/2021,4046.35,4137.91,4018.62,4094.83,208126.8805
12/26/2021,4094.36,4105,4000,4063.56,189309.255
12/27/2021,4063.57,4127.46,4031,4037.23,222225.3761
12/28/2021,4037.22,4037.23,3759.36,3792.75,358064.7163
12/29/2021,3792.75,3827.78,3604.2,3630.19,302753.6375
12/30/2021,3630.18,3769.1,3585,3709.27,249263.7305
12/31/2021,3709.27,3815,3622.29,3676.23,268014.2942
1/1/2022,3676.22,3776.45,3673.46,3765.54,154143.8968
1/2/2022,3765.54,3857.44,3717.3,3828.27,154791.4263
1/3/2022,3828.11,3853.09,3680,3765.89,236245.8586
1/4/2022,3765.89,3900.73,3713.11,3785.11,288258.5549
1/5/2022,3785.1,3848,3415,3540.63,397942.0363
1/6/2022,3539.82,3550.43,3300,3406.81,496745.7413
1/7/2022,3406.81,3416.76,3064.42,3199.24,669631.7262
1/8/2022,3198.68,3250,3000,3080.95,400692.1061
1/9/2022,3080.98,3211.72,3057.35,3151.97,275874.1643
1/10/2022,3151.97,3185,2928.83,3082.68,529818.3866
1/11/2022,3082.87,3263.54,3051.8,3239.72,362446.7087
1/12/2022,3239.73,3411.43,3206.2,3371.26,370465.8015
1/13/2022,3371.6,3410,3233.43,3240.61,336234.8799
1/14/2022,3240.61,3342.79,3188,3307.42,285326.3505
1/15/2022,3307.42,3371.64,3261,3326.04,203100.3778
1/16/2022,3326.51,3393.6,3269.62,3346.88,210782.2277
1/17/2022,3346.89,3357.57,3141.1,3209.67,284063.6548
1/18/2022,3209.68,3243.87,3082,3159.85,299134.2728
1/19/2022,3159.85,3174.87,3000,3084.02,332996.5703
1/20/2022,3084.02,3273.37,2987.15,3001.48,357596.7062
1/21/2022,3001.48,3034.12,2403,2568.15,1022021.7
1/22/2022,2567.47,2626,2300,2412.18,1081357.549
1/23/2022,2412.18,2556.78,2370.8,2539.01,580497.7613
1/24/2022,2539,2539.75,2159,2439.29,1123134.704
1/25/2022,2439.56,2506.55,2348.96,2458.83,510152.954
1/26/2022,2459.04,2722,2402.03,2462.99,806441.6229
1/27/2022,2463,2521,2316.43,2424.25,599481.7159
1/28/2022,2424.02,2558.98,2357.88,2544.99,485149.8065
1/29/2022,2544.99,2636.66,2520.01,2601.43,376666.8246
1/30/2022,2601.43,2640,2542.5,2601.68,290770.0859
1/31/2022,2601.67,2706.77,2476.07,2686.94,444584.851
2/1/2022,2686.94,2813,2673.52,2787.23,390034.2736
2/2/2022,2787.48,2810.88,2612.72,2680.67,447852.1228
2/3/2022,2680.25,2726.64,2576.05,2695.46,405043.3931
2/4/2022,2695.21,2995,2671.4,2994.99,664002.9328
2/5/2022,2994.99,3060.47,2958.01,3012.65,356803.3071
2/6/2022,3012.64,3074.56,2950.21,3054.99,249394.5966
2/7/2022,3055,3186,2991.8,3139.77,455070.2529
2/8/2022,3139.77,3232.87,3025.21,3116.69,514773.5837
2/9/2022,3116.69,3269.7,3055,3243.94,370267.8913
2/10/2022,3243.6,3283.66,3056.74,3072.49,578212.8383
2/11/2022,3072.36,3138.62,2879,2927.54,462025.8751
2/12/2022,2927.54,2985.98,2858.3,2918.88,336250.3131
2/13/2022,2918.58,2954.4,2836.7,2871.13,242751.3547
2/14/2022,2871.14,2964.97,2829.01,2929.75,381778.238
2/15/2022,2929.75,3196.19,2912.06,3183.52,448971.754
2/16/2022,3183.53,3186.77,3044.03,3122.3,319997.6244
2/17/2022,3122.31,3160,2851.55,2891.87,488693.2624
2/18/2022,2891.88,2943.97,2750,2779.48,502977.4069
2/19/2022,2779.3,2830.96,2694.45,2763.63,293838.0025
2/20/2022,2763.63,2764.64,2576,2621.99,386384.904
2/21/2022,2621.99,2759.51,2558,2568.02,761838.9858
2/22/2022,2568.03,2665.74,2500,2636.29,692639.4942
2/23/2022,2636.28,2753.55,2575.83,2579.71,504470.1412
2/24/2022,2579.7,2740,2300,2596.2,1395732.775
2/25/2022,2596.26,2834.97,2571.72,2768.49,679394.1762
2/26/2022,2768.05,2878,2727.5,2779.47,418485.2529
2/27/2022,2779.47,2836.33,2557.98,2616.79,650198.7785
2/28/2022,2616.79,2951.6,2568.62,2920.95,733794.4488
3/1/2022,2920.83,3037.94,2854.09,2976.33,673901.6976
3/2/2022,2976.33,3043.91,2914.21,2947.3,614623.7461
3/3/2022,2947.31,2970.97,2785,2833.99,446192.2353
3/4/2022,2834,2836.17,2573,2622.1,556178.7588
3/5/2022,2622.11,2685.12,2589.38,2665.15,268730.3036
3/6/2022,2665.16,2676.29,2535,2551.29,336487.9099
3/7/2022,2551.3,2649,2445,2491.12,620171.6787
3/8/2022,2491.12,2624,2480.15,2575.97,561659.7421
3/9/2022,2575.98,2775.85,2567.7,2726.98,562771.7403
3/10/2022,2726.98,2733.25,2550.27,2606.7,559029.9377
3/11/2022,2606.69,2676.78,2522.57,2556.86,494583.6568
3/12/2022,2556.86,2616.79,2553.39,2568.8,219236.5711
3/13/2022,2568.8,2603.32,2493,2515.65,316942.1601
3/14/2022,2515.66,2609.6,2498.67,2589.41,386630.1912
3/15/2022,2589.42,2669,2507,2617.73,461202.3014
3/16/2022,2617.74,2788,2603.38,2773.81,666224.7217
3/17/2022,2773.8,2836,2746.42,2811.92,379312.541
3/18/2022,2811.91,2984,2765.59,2938.92,556535.7966
3/19/2022,2938.84,2987.7,2890.86,2950.84,325971.5398
3/20/2022,2950.85,2964.17,2817.21,2861.38,377608.8214
3/21/2022,2861.39,2960.57,2829.81,2890.03,450223.9073
3/22/2022,2890.03,3052.85,2886.43,2969.64,564868.9839
3/23/2022,2969.64,3045.2,2920.65,3036,453962.7298
3/24/2022,3035.99,3129.11,2999.11,3110.76,577171.5239
3/25/2022,3110.75,3193.28,3076,3102.14,489099.5572
3/26/2022,3102.13,3153.2,3084.9,3145,207134.847
3/27/2022,3145.01,3299.37,3126.02,3295.65,335467.4145
3/28/2022,3295.65,3431.15,3275.01,3332.92,527237.1133
3/29/2022,3332.91,3481.87,3329.68,3400.51,465899.8226
3/30/2022,3400.51,3446.9,3331.84,3385.79,356082.5231
3/31/2022,3385.8,3444.83,3261.35,3281.51,455091.2395
4/1/2022,3281.51,3481.29,3210.68,3455.21,532169.2392
4/2/2022,3455.2,3532.2,3433.14,3443.77,499893.29
4/3/2022,3443.77,3580.34,3412.11,3521.91,381581.7683
4/4/2022,3521.9,3547,3405.97,3519.5,449984.1586
4/5/2022,3519.5,3555,3400,3406.99,397782.7437
4/6/2022,3407,3407.5,3162.39,3168.51,736273.1047
4/7/2022,3168.52,3268.98,3143.15,3227.19,458179.3272
4/8/2022,3227.2,3314.02,3173.52,3192.39,502422.5048
4/9/2022,3192.39,3268.4,3181.28,3258.57,212444.2566
4/10/2022,3258.57,3307.22,3193,3203.04,232303.2326
4/11/2022,3203.04,3213.63,2950,2979.74,693394.2912
4/12/2022,2979.75,3085,2950,3027.66,579522.9505
4/13/2022,3027.65,3128.97,2996.86,3118.28,419101.494
4/14/2022,3118.28,3145,2976.3,3021.98,408382.5572
4/15/2022,3021.98,3060.92,2993.13,3040.56,249626.2981
4/16/2022,3040.57,3086.1,3010.03,3059.3,176352.4165
4/17/2022,3059.3,3083,2981.7,2988.06,243772.074
4/18/2022,2988.07,3069.6,2883.22,3055.56,510251.6536
4/19/2022,3055.56,3131,3030.34,3101.77,359375.0038
4/20/2022,3101.74,3166.5,3036.45,3076.04,415000.0685
4/21/2022,3076.03,3180,2942.31,2983.58,562699.697
4/22/2022,2983.57,3034.32,2930.35,2962.39,452433.082
4/23/2022,2962.39,2978.03,2913.89,2933.03,187576.7324
4/24/2022,2933.04,2967.06,2912.09,2921,218957.0222
4/25/2022,2920.99,3025.65,2797.01,3006.62,619198.3616
4/26/2022,3006.63,3039.54,2767,2809.67,531184.3504
4/27/2022,2809.68,2919.87,2794.46,2888.96,488951.2416
4/28/2022,2888.95,2980,2853.83,2936.93,537392.9978
4/29/2022,2936.92,2946.46,2776.63,2817.13,525978.147
4/30/2022,2817.13,2841.63,2709.26,2726.66,367757.2469
5/1/2022,2726.67,2849.9,2716.13,2824.81,442544.8792
5/2/2022,2824.81,2894.22,2778.78,2856.54,521706.8567
5/3/2022,2856.54,2861.47,2755.19,2781.7,371331.1796
5/4/2022,2781.7,2965.85,2771.74,2940.64,548738.0668
5/5/2022,2940.65,2954.65,2683,2747.97,734845.3194
5/6/2022,2747.96,2758.18,2632.95,2692.85,711449.3234
5/7/2022,2692.86,2704.36,2584.75,2635.34,371271.4532
5/8/2022,2635.35,2642,2484,2519.71,757615.3415
5/9/2022,2519.71,2530.78,2225,2228.55,1574924.979
5/10/2022,2229,2457.34,2200,2342.05,1550626.139
5/11/2022,2342.04,2451.37,2005,2084.99,2022864.838
5/12/2022,2084.99,2195,1800,1960.22,2305192.908
5/13/2022,1960.22,2147.54,1940.23,2009.69,1134042.339
5/14/2022,2009.69,2070.06,1951.21,2056.48,563788.3078
5/15/2022,2056.47,2167,2000.68,2145.29,514398.2587
5/16/2022,2145.29,2145.29,1979.12,2023.66,822070.8531
5/17/2022,2023.66,2122.42,2008,2090.72,568249.0448
5/18/2022,2090.72,2110.72,1908,1915.11,631577.2341
5/19/2022,1915.11,2040.39,1903.18,2019.55,741476.9794
5/20/2022,2019.55,2064,1923,1959.08,576981.5371
5/21/2022,1959.08,1990.86,1937.36,1975.07,238869.7632
5/22/2022,1975.06,2056.41,1966.33,2043.19,355735.1927
5/23/2022,2043.19,2088.5,1957.12,1973.32,636085.0224
5/24/2022,1973.33,1993.83,1913.02,1979.41,534096.972
5/25/2022,1979.4,2022.34,1934.61,1942.63,524786.3091
5/26/2022,1942.64,1966.01,1735,1792.23,1168740.575
5/27/2022,1792.24,1822.26,1703,1727.27,1296693.285
5/28/2022,1727.26,1808.98,1722.26,1792.22,558271.1818
5/29/2022,1792.21,1827.4,1759.96,1813.64,432430.611
5/30/2022,1813.64,2013,1803.18,1998.78,814922.8359
5/31/2022,1998.78,2016.45,1925,1941.9,751103.4226
6/1/2022,1941.9,1972.58,1763.75,1817.95,1037841.271
6/2/2022,1817.96,1853.05,1782.42,1834.08,788784.4017
6/3/2022,1834.09,1843.91,1737,1775.12,741282.5346
6/4/2022,1775.13,1816,1748.43,1804.58,388279.4579
6/5/2022,1804.58,1830.17,1773.05,1806.23,371974.5061
6/6/2022,1806.22,1920,1804.35,1859.84,804250.3567
6/7/2022,1859.84,1874.98,1725.13,1813.33,1397598.229
6/8/2022,1813.33,1838.77,1765.28,1791.88,941510.1373
6/9/2022,1791.88,1833,1777.33,1788.81,535310.9618
6/10/2022,1788.8,1804.32,1655.93,1662.91,955035.7924
6/11/2022,1662.91,1682.21,1496.74,1532.89,1220325.254
6/12/2022,1532.89,1547,1423,1434.84,1563225.37
6/13/2022,1434.84,1455,1165.45,1209.82,3626351.665
6/14/2022,1209.35,1268.45,1075.8,1208.9,2716493.801
6/15/2022,1208.9,1250,1014.4,1237.52,3114823.136
6/16/2022,1237.53,1257.85,1051.55,1068.5,1447386.83
6/17/2022,1068.5,1118,1051.11,1086.94,1220677.949
6/18/2022,1086.93,1097.58,881.56,995.13,2308983.519
6/19/2022,995.12,1158.62,936.15,1128.53,2018599.45
6/20/2022,1128.53,1170,1053,1128.24,1721772.913
6/21/2022,1128.24,1194,1109.23,1125.85,1306095.376
6/22/2022,1125.86,1127.33,1043.65,1050.19,1306959.859
6/23/2022,1050.19,1155,1045.3,1144.72,1278257.09
6/24/2022,1144.71,1245.43,1132,1225.02,1337137.483
6/25/2022,1225.02,1256.77,1180,1242.36,861986.6177
6/26/2022,1242.31,1280,1194.6,1197.79,884184.273
6/27/2022,1197.79,1238.93,1172.49,1192.51,868734.2061
6/28/2022,1192.51,1237.99,1136.32,1144.05,1104065.221
6/29/2022,1144.05,1156.8,1087.42,1100.21,1295517.796
6/30/2022,1100.21,1106.62,998,1071.01,1420670.366
7/1/2022,1071.02,1117,1033.44,1059.73,1562255.144
7/2/2022,1059.73,1078.88,1028.29,1067.01,714812.0804
7/3/2022,1067.01,1088.34,1040.78,1074.26,644746.3337
7/4/2022,1074.26,1160.9,1045.37,1151,1150108.986
7/5/2022,1151.01,1174.9,1076.34,1132.5,1398961.45
7/6/2022,1132.51,1205,1111.44,1186.57,1211768.076
7/7/2022,1186.57,1254.29,1163.18,1237.49,1001316.079
7/8/2022,1237.49,1276.46,1193.15,1214.04,1189518.363
7/9/2022,1214.03,1235.4,1204.67,1217.02,576337.1809
7/10/2022,1217.02,1219.95,1153,1168.36,1018038.651
7/11/2022,1168.37,1171.29,1091.71,1096.4,1201652.305
7/12/2022,1096.37,1098.26,1033.46,1038.58,1261349.632
7/13/2022,1038.58,1119.18,1006.32,1115,2035605.83
7/14/2022,1115.01,1214.65,1072.11,1193.42,1605101.926
7/15/2022,1193.42,1287.82,1181.05,1231.25,1466037.258
7/16/2022,1231.25,1422.91,1191.23,1355.85,1493809.923
7/17/2022,1355.84,1387,1319.04,1338.65,1246202.88
7/18/2022,1338.65,1597.47,1336.07,1581.04,2029918.765
7/19/2022,1581.03,1631,1493.11,1542.32,1846048.682
7/20/2022,1542.33,1620.4,1484.23,1521.58,1351177.425
7/21/2022,1521.63,1605.98,1463.56,1575.45,1247327.496
7/22/2022,1575.45,1650.05,1516.11,1535.27,1170723.087
7/23/2022,1535.27,1596.51,1488,1548.67,851284.7339
7/24/2022,1548.66,1664.34,1545.67,1597.7,1009935.9
7/25/2022,1597.7,1609.55,1435.58,1440.79,1418390.981
7/26/2022,1440.79,1454.11,1356.17,1449.12,1199643.741
7/27/2022,1449.12,1644.44,1420.83,1635.74,1513426.041
7/28/2022,1635.74,1784.79,1593.27,1724.52,1578145.076
7/29/2022,1724.52,1765.99,1655.02,1721.68,1205266.57
7/30/2022,1721.68,1744.85,1673.01,1697,735132.5286
7/31/2022,1697,1754.69,1666,1678.12,696326.8079
8/1/2022,1678.12,1704.68,1606.12,1630.28,801566.5648
8/2/2022,1630.28,1678,1559.28,1630.91,1081964.51
8/3/2022,1630.91,1685.03,1589.71,1618.16,777724.7413
8/4/2022,1618.16,1662.79,1580.39,1607.96,735552.181
8/5/2022,1607.97,1742.07,1605.64,1736.81,1005846.471
8/6/2022,1736.81,1749.93,1685.26,1690.6,523314.6444
8/7/2022,1690.6,1729.79,1668,1700.19,439904.764
8/8/2022,1700.2,1818,1693.87,1777.05,781620.5443
8/9/2022,1777.05,1790.83,1667.93,1702.76,818171.1019
8/10/2022,1702.76,1885,1656.78,1853.57,1317767.513
8/11/2022,1853.58,1942,1850.32,1880.19,1105261.901
8/12/2022,1880.19,1964.71,1853.06,1958.28,717628.1015
8/13/2022,1958.28,2020,1946.5,1983.55,695876.0293
8/14/2022,1983.55,2030,1906,1935.31,569583.4852
8/15/2022,1935.32,2012.47,1872.31,1899.06,949162.3305
8/16/2022,1899.05,1915,1853,1876.67,622729.1499
8/17/2022,1876.67,1959.43,1818.74,1834.25,951824.8975
8/18/2022,1834.24,1882.37,1821.25,1846.39,606254.024
8/19/2022,1846.39,1848,1602.37,1609.01,1419826.952
8/20/2022,1609,1657.08,1523.67,1576.04,914615.9226
8/21/2022,1576.03,1646.52,1562.34,1618.13,780662.6062
8/22/2022,1618.13,1629.72,1529.92,1624.66,941192.8954
8/23/2022,1624.65,1676.07,1563.76,1665.41,940246.932
8/24/2022,1665.4,1694.13,1604.92,1656.56,744667.6078
8/25/2022,1656.56,1722,1653.68,1695.11,603090.713
8/26/2022,1695.11,1706.45,1486.85,1508.18,1149912.829
8/27/2022,1508.18,1518.42,1447.52,1491.06,756136.6768
8/28/2022,1491.06,1511,1424,1426.76,544846.4486
8/29/2022,1426.76,1559.99,1422.08,1551.8,826252.0831
8/30/2022,1551.79,1606.13,1473.61,1524.59,1003075.017
8/31/2022,1524.59,1619.78,1524.59,1554.1,949227.6775
9/1/2022,1554.11,1599,1512.77,1586.16,728710.482
9/2/2022,1586.17,1650,1546.41,1575.35,919009.6598
9/3/2022,1575.35,1582.71,1534.28,1557.46,321397.2189
9/4/2022,1557.45,1583.66,1540.66,1579.28,296591.1166
9/5/2022,1579.29,1631.99,1556.56,1617.8,503492.937
9/6/2022,1617.8,1687.4,1555,1559.01,1010722.858
9/7/2022,1559.01,1657.5,1490.66,1630,850991.4243
9/8/2022,1630,1663.56,1595.06,1635.37,645124.0085
9/9/2022,1635.37,1746.13,1630.51,1718.23,837458.2126
9/10/2022,1718.24,1789,1706.03,1774.12,411046.2466
9/11/2022,1774.12,1789,1720.1,1766.11,409287.7263
9/12/2022,1766.12,1783,1693,1716.37,630774.6032
9/13/2022,1716.37,1760.51,1560.54,1574.4,1134549.726
9/14/2022,1574.4,1647.01,1552.38,1638.39,764562.5393
9/15/2022,1638.4,1655.2,1458,1472.75,1335499.805
9/16/2022,1472.76,1483.35,1405.52,1433.9,693597.2425
9/17/2022,1433.9,1476.13,1409.12,1468.83,421391.3743
9/18/2022,1468.82,1469.63,1325.55,1334.51,804113.468
9/19/2022,1334.51,1393.35,1280,1375.98,974855.198
9/20/2022,1375.98,1384.78,1312.71,1322.93,658027.1465
9/21/2022,1322.94,1408.9,1220,1245.78,1192266.738
9/22/2022,1245.79,1350.08,1237.32,1326.46,904282.2725
9/23/2022,1326.47,1360,1262.15,1327.25,974052.3644
9/24/2022,1327.24,1349.33,1306.52,1317.13,517557.3497
9/25/2022,1317.13,1337,1269.27,1294.63,515533.8409
9/26/2022,1294.62,1340.42,1277.85,1336.17,799166.4333
9/27/2022,1336.17,1400,1303.75,1328.02,860584.8944
9/28/2022,1328.01,1355.7,1253.2,1337.2,919314.9131
9/29/2022,1337.2,1352.02,1288.52,1335.7,770591.6895
9/30/2022,1335.69,1373.19,1313.35,1328.72,740753.611
10/1/2022,1328.71,1333.69,1302.68,1311.79,252081.9056
10/2/2022,1311.79,1317.93,1270,1276.72,371740.0407
10/3/2022,1276.72,1329.9,1263.04,1323.09,483775.2435
10/4/2022,1323.1,1369.55,1318.66,1361.49,476207.6702
10/5/2022,1361.5,1364.77,1316.29,1352.2,483508.7782
10/6/2022,1352.2,1383.99,1345.01,1352.06,573975.324
10/7/2022,1352.07,1361.75,1317.26,1331.1,491999.8776
10/8/2022,1331.1,1337.35,1303.51,1315.48,203391.6612
10/9/2022,1315.48,1329,1307.26,1323.13,186201.9185
10/10/2022,1323.13,1338,1288,1290.03,393663.0114
10/11/2022,1290.03,1298,1267.01,1280.11,429430.3941
10/12/2022,1280.11,1306.87,1275.25,1294.44,369712.5759
10/13/2022,1294.44,1301.58,1190,1287.08,945618.3163
10/14/2022,1287.08,1343.12,1283.39,1296.27,669742.8093
10/15/2022,1296.26,1301.69,1263.64,1274.92,287100.9529
10/16/2022,1274.93,1315.35,1274.67,1305.95,293321.3632
10/17/2022,1305.96,1338.57,1295.64,1331.4,459848.4941
10/18/2022,1331.39,1341.73,1286.72,1310.71,572728.9189
10/19/2022,1310.71,1313.5,1280.31,1285.09,368637.5105
10/20/2022,1285.09,1310.87,1270.36,1282.57,428531.6103
10/21/2022,1282.57,1306.97,1252.65,1299.75,468076.7986
10/22/2022,1299.76,1320.2,1294.32,1313.61,221776.7007
10/23/2022,1313.62,1371.55,1299.44,1364.2,432269.46
10/24/2022,1364.19,1370.6,1324.17,1343.61,611830.797
10/25/2022,1343.61,1525.16,1334.94,1459.74,1127932.901
10/26/2022,1459.74,1594.99,1457.44,1566.1,1236044.702
10/27/2022,1566.11,1578.58,1503.2,1514.05,869454.4851
10/28/2022,1514.04,1574.9,1479.82,1554.41,858954.4425
10/29/2022,1554.4,1663.06,1547.66,1619.55,914161.0846
10/30/2022,1619.55,1640.06,1576.56,1590.44,476036.4243
10/31/2022,1590.45,1635.8,1545.43,1572.69,810334.2414
11/1/2022,1572.69,1612.92,1563.69,1578.48,527539.2965
11/2/2022,1578.47,1621.68,1502.32,1518.34,981395.3648
11/3/2022,1518.33,1559.01,1515.17,1531.01,560202.8813
11/4/2022,1531.01,1680,1528.4,1644.78,935531.4781
11/5/2022,1644.78,1666.97,1621.42,1626.98,351385.5362
11/6/2022,1626.98,1639.02,1564.39,1568.29,414863.9525
11/7/2022,1568.25,1608.04,1545.03,1568.1,642409.4494
11/8/2022,1568.09,1579.98,1233,1334.77,2339916.509
11/9/2022,1334.78,1337.16,1073.53,1102.73,2494797.936
11/10/2022,1102.73,1350,1085.93,1299.28,1975955.677
11/11/2022,1299.28,1310,1201.26,1289.28,1308087.15
11/12/2022,1289.35,1292.16,1238.7,1257.25,547772.9172
11/13/2022,1257.25,1274.23,1200.66,1221.49,547410.5304
11/14/2022,1221.5,1291.2,1171.13,1243.28,934742.0059
11/15/2022,1243.29,1291,1234.01,1253.23,632825.568
11/16/2022,1253.22,1268.67,1187.06,1216.17,673339.7215
11/17/2022,1216.16,1228.22,1181.05,1200.43,530537.3488
11/18/2022,1200.42,1234,1199.18,1212.58,360218.5337
11/19/2022,1212.58,1235,1197.67,1217.67,209789.5888
11/20/2022,1217.67,1227.07,1132.65,1142.21,531108.7607
11/21/2022,1142.21,1146.99,1079.76,1107.34,922647.9454
11/22/2022,1107.34,1146.13,1075,1139.6,748884.5791
11/23/2022,1139.59,1190,1127.75,1184.52,636927.1594
11/24/2022,1184.52,1217.71,1180.6,1203.73,486080.6123
11/25/2022,1203.72,1207.77,1171.2,1199.3,391430.1658
11/26/2022,1199.29,1235.66,1196.2,1205.6,379840.8116
11/27/2022,1205.61,1223.33,1188.65,1193.88,286386.7986
11/28/2022,1193.88,1199.25,1151.02,1167.77,478795.6093
11/29/2022,1167.77,1228.37,1158.27,1216.49,512143.5861
11/30/2022,1216.49,1309.77,1212.5,1294.46,815679.2717
12/1/2022,1294.46,1299.9,1262.77,1276.41,430018.7391
12/2/2022,1276.4,1297.18,1265.24,1295.59,371559.585
12/3/2022,1295.58,1309,1236.26,1240.51,347148.2588
12/4/2022,1240.5,1287.19,1240.1,1279.41,324129.5466
12/5/2022,1279.4,1305.11,1246.61,1259.41,391628.5166
12/6/2022,1259.41,1274.76,1241.56,1271.32,301631.839
12/7/2022,1271.31,1278.69,1218.01,1231.18,398559.5166
12/8/2022,1231.18,1292.58,1222.01,1280.18,406653.5447
12/9/2022,1280.18,1296.64,1250,1263.1,406008.0032
12/10/2022,1263.11,1283.61,1259.6,1266.35,182278.6396
12/11/2022,1266.35,1284.75,1255.85,1263.01,180494.902
12/12/2022,1263,1278.9,1240.03,1275.4,363750.5481
12/13/2022,1275.41,1349,1255.1,1320.69,659393.8825
12/14/2022,1320.69,1352.72,1301,1307.44,554465.5717
12/15/2022,1307.45,1311.14,1259.27,1266.54,390051.2447
12/16/2022,1266.53,1280.06,1155.32,1166.83,751422.2779
12/17/2022,1166.82,1190.03,1161.92,1187.16,328881.6281
12/18/2022,1187.16,1199.54,1170.32,1183.06,252260.144
12/19/2022,1183.06,1195,1150.51,1167.82,296832.7228
12/20/2022,1167.82,1230.47,1163.12,1216.94,465184.1943
12/21/2022,1216.95,1223.39,1203.02,1213.78,245723.8377
12/22/2022,1213.78,1237.99,1182.54,1217.71,336761.6598
12/23/2022,1217.72,1231.99,1210,1219.99,278604.2882
12/24/2022,1219.98,1227.99,1214.69,1220.41,123701.5301
12/25/2022,1220.42,1225,1193.18,1218.51,231652.0612
12/26/2022,1218.52,1231.09,1211.67,1228.11,162723.0857
12/27/2022,1228.12,1233.73,1200.58,1211.55,262437.6398
12/28/2022,1211.55,1215.78,1181.06,1190.15,367828.8914
12/29/2022,1190.15,1206.57,1186.77,1200.49,249130.4869
12/30/2022,1200.48,1202.15,1181.08,1199.99,266014.2115
12/31/2022,1199.98,1208.46,1191.66,1196.13,139379.2811
1/1/2023,1196.13,1204.67,1190.57,1200.34,117762.0685
1/2/2023,1200.33,1224.29,1193,1214,252794.14
1/3/2023,1213.99,1219.89,1204.93,1214.55,205519.4944
1/4/2023,1214.56,1272.6,1212.71,1256.9,457799.6648
1/5/2023,1256.91,1259.95,1242.81,1251.24,272805.33
1/6/2023,1251.25,1276.7,1236,1269.14,342344.2023
1/7/2023,1269.13,1271.09,1261.3,1264.07,129474.2884
1/8/2023,1264.06,1296,1257.77,1290.16,213636.7848
1/9/2023,1290.15,1344.91,1285.44,1320.39,581727.6968
1/10/2023,1320.4,1347.69,1316.8,1335.62,459660.2307
1/11/2023,1335.63,1398,1321.04,1389.39,472465.9556
1/12/2023,1389.4,1438,1361.92,1415.92,877712.4492
1/13/2023,1415.91,1464,1401.03,1451.2,499377.8649
1/14/2023,1451.21,1599.98,1449.14,1549.9,940691.7774
1/15/2023,1549.91,1566.66,1516.03,1552.52,387832.7138
1/16/2023,1552.52,1604.5,1521.31,1576.94,574622.8953
1/17/2023,1576.94,1609,1541.15,1565.57,506771.7219
1/18/2023,1565.56,1610,1501.39,1511.43,752534.8857
1/19/2023,1511.44,1564.43,1509.15,1551.09,308679.4645
1/20/2023,1551.09,1669.9,1542.02,1658.52,440570.9974
1/21/2023,1658.53,1679.26,1616.21,1626.66,494248.6009
1/22/2023,1626.65,1663.89,1604,1627.44,431729.6909
1/23/2023,1627.43,1648.09,1585.29,1626.29,407267.1156
1/24/2023,1626.28,1641.46,1535,1555.97,462275.3243
1/25/2023,1555.97,1641,1518,1611.94,646474.9166
1/26/2023,1611.95,1632.84,1577.43,1601.09,532777.8466
1/27/2023,1601.08,1621,1552.54,1597.62,512093.3875
1/28/2023,1597.61,1606.83,1555.99,1572.1,313675.6574
1/29/2023,1572.1,1660,1566.33,1644.72,551767.9134
1/30/2023,1644.73,1647.53,1535,1566.2,595055.3281
1/31/2023,1566.21,1605.18,1561.63,1585.33,348856.6751
2/1/2023,1585.32,1647.77,1555.18,1641.68,474617.1709
2/2/2023,1641.67,1714.68,1626.85,1643.12,629188.8874
2/3/2023,1643.12,1676,1625.93,1663.52,464815.032
2/4/2023,1663.52,1695.29,1645.43,1666.38,308227.1295
2/5/2023,1666.39,1673.81,1609.3,1629.02,413579.6748
2/6/2023,1629.01,1658.56,1605.01,1614.29,384119.4197
2/7/2023,1614.28,1678.37,1613.14,1671.03,451922.4
2/8/2023,1671.03,1697.91,1630.47,1650.43,417966.2539
2/9/2023,1650.42,1656.17,1524.4,1545.35,658011.6964
2/10/2023,1545.35,1555.01,1490,1513.06,484654.2199
2/11/2023,1513.05,1543,1505,1538.51,289691.5708
2/12/2023,1538.5,1548.02,1493.08,1514.83,286758.374
2/13/2023,1514.82,1526.1,1461.93,1505.24,643152.3904
2/14/2023,1505.25,1569,1482.66,1555.71,668964.3768
2/15/2023,1555.7,1680,1542.55,1674.92,581207.8586
2/16/2023,1674.92,1742.97,1633.72,1637.84,832723.6731
2/17/2023,1637.83,1722,1630.51,1693.87,579934.663
2/18/2023,1693.81,1713.13,1679.77,1691.62,267305.7813
2/19/2023,1691.62,1726.59,1666.14,1679.75,401023.0477
2/20/2023,1679.74,1719.89,1650.56,1703.27,451314.8335
2/21/2023,1703.27,1716.66,1636.3,1659.76,520354.4688
2/22/2023,1659.77,1666.95,1595.07,1643.14,528875.4809
2/23/2023,1643.15,1679,1628.75,1650.53,501305.9717
2/24/2023,1650.52,1664.66,1575.64,1607.8,512515.4982
2/25/2023,1607.8,1608.98,1557.33,1594.58,290188.0391
2/26/2023,1594.58,1651.26,1587.76,1641.36,308607.9941
2/27/2023,1641.37,1665.22,1608,1633.45,431861.4129
2/28/2023,1633.45,1647.52,1596.66,1605.23,393523.1647
3/1/2023,1605.24,1669.72,1595,1665.22,474456.8235
3/2/2023,1665.23,1677.86,1619.18,1647.86,423023.8082
3/3/2023,1647.86,1649.25,1544.39,1569.45,742816.5976
3/4/2023,1569.45,1577.53,1549.12,1566.73,237640.2606
3/5/2023,1566.74,1588.77,1553.05,1564.58,299240.7415
3/6/2023,1564.57,1583.49,1554.44,1565.84,307709.3011
3/7/2023,1565.84,1584.49,1536.14,1561.96,437947.9032
3/8/2023,1561.95,1570.89,1523.61,1532.38,460101.7658
3/9/2023,1532.38,1546.45,1408,1437.32,718485.1364
3/10/2023,1437.32,1439.43,1368.39,1426.44,960262.4509
3/11/2023,1426.43,1478.07,1408.4,1471.97,1374859.62
3/12/2023,1471.93,1594.19,1448.3,1580.33,1002355.093
3/13/2023,1580.33,1693.49,1565,1673.45,1228063.605
3/14/2023,1673.44,1780.02,1655.24,1699.4,1283321.236
3/15/2023,1699.41,1716.9,1611,1649.96,963142.4833
3/16/2023,1649.95,1691.42,1632.18,1673.73,627985.6119
3/17/2023,1673.73,1800,1662.65,1789.27,907528.2825
3/18/2023,1789.26,1841,1747.47,1758.84,711614.731
3/19/2023,1758.84,1841.36,1757.92,1780.68,541131.8908
3/20/2023,1780.67,1803.05,1722,1732.78,682848.1248
3/21/2023,1732.77,1835,1717.01,1801.23,742348.4999
3/22/2023,1801.23,1819.98,1710.12,1734.33,891287.6009
3/23/2023,1734.34,1857.16,1729.35,1813.79,732061.103
3/24/2023,1813.78,1818.99,1726.4,1749.57,564770.1417
3/25/2023,1749.57,1763.23,1713.09,1741.88,355679.3743
3/26/2023,1741.88,1801,1739.31,1773.88,354933.2372
3/27/2023,1773.88,1780.48,1686.13,1715.22,570563.5023
3/28/2023,1715.21,1795.73,1701.13,1772.99,536511.3973
3/29/2023,1773,1827.99,1772.48,1793.07,536865.5972
3/30/2023,1793.06,1829.69,1763,1793.61,579690.0394
3/31/2023,1793.6,1847.28,1777.91,1821.52,554525.4762
4/1/2023,1821.52,1842.83,1807.81,1820.79,272904.9674
4/2/2023,1820.8,1824.81,1771.7,1794.51,322122.9385
4/3/2023,1794.51,1839.99,1762.77,1810.51,628503.6619
4/4/2023,1810.51,1891.91,1802.01,1870.37,622208.6411
4/5/2023,1870.38,1942.98,1864.58,1908.69,548595.5155
4/6/2023,1908.68,1909.91,1853.7,1872.41,396241.4352
4/7/2023,1872.41,1882.61,1841.46,1863.72,284256.4873
4/8/2023,1863.73,1879.38,1847,1848.82,197905.5407
4/9/2023,1848.82,1873.99,1824.01,1858.92,287131.3079
4/10/2023,1858.91,1918.79,1846.4,1910.2,434739.7984
4/11/2023,1910.21,1937.37,1881.11,1889.86,405203.4892
4/12/2023,1889.86,1933,1852.65,1917.39,630844.4186
4/13/2023,1917.4,2023,1899.55,2012.01,676164.5188
4/14/2023,2012,2128.76,2009.22,2099.99,896307.3934
4/15/2023,2099.99,2111.85,2071.13,2090.6,321823.7851
4/16/2023,2090.61,2141.54,2072.72,2118.67,319880.4393
4/17/2023,2118.66,2120.51,2056.25,2074,426972.7071
4/18/2023,2073.99,2125,2051,2103.5,414244.6135
4/19/2023,2103.51,2104.6,1923.03,1933.73,775389.0602
4/20/2023,1933.74,1982.99,1914.43,1942.98,625336.2495
4/21/2023,1942.98,1957.27,1825,1848.78,688876.6186
4/22/2023,1848.77,1887.31,1841.64,1874.16,331007.5879
4/23/2023,1874.17,1882.01,1836.37,1862,344514.3444
4/24/2023,1862.01,1890,1806,1841.84,447864.0517
4/25/2023,1841.84,1877.86,1801.66,1866.1,457870.6047
4/26/2023,1866.1,1964.72,1785,1866.01,897709.7298
4/27/2023,1866.01,1940.96,1861.19,1908.68,727472.9466
4/28/2023,1908.68,1923.88,1873.94,1890.94,387630.7791
4/29/2023,1890.93,1918,1883.05,1907.8,182046.1406
4/30/2023,1907.79,1939,1866.16,1870.09,355336.4888
5/1/2023,1870.08,1886.49,1806.12,1830.73,445519.1779
5/2/2023,1830.73,1881.87,1822.94,1870.08,373753.2027
5/3/2023,1870.09,1916.52,1842.64,1905.12,465185.2501
5/4/2023,1905.12,1918.26,1866.71,1877.07,354528.6144
5/5/2023,1877.07,1998.36,1875.65,1993.3,546608.875
5/6/2023,1993.3,2019,1860,1896.33,608106.9915
5/7/2023,1896.33,1933.33,1867.59,1870.4,413268.8357
5/8/2023,1870.41,1883.97,1810.73,1847.56,625316.6168
5/9/2023,1847.55,1861.88,1830.99,1846.52,304396.186
5/10/2023,1846.53,1887.47,1790.51,1840.84,639933.3855
5/11/2023,1840.83,1842.02,1772.68,1794.3,522096.0725
5/12/2023,1794.31,1818.63,1740,1807.45,565539.8309
5/13/2023,1807.45,1817.03,1785.23,1795.11,212895.4373
5/14/2023,1795.12,1824,1789.82,1799.21,218101.0977
5/15/2023,1799.2,1846.7,1785.05,1816.2,388171.9261
5/16/2023,1816.21,1832.64,1796.2,1824.21,311238.6786
5/17/2023,1824.21,1837.5,1783.68,1822.12,352097.9913
5/18/2023,1822.12,1831.92,1771.12,1800.56,293755.311
5/19/2023,1800.56,1829.54,1796.81,1812.32,243116.4676
5/20/2023,1812.31,1828.87,1807.06,1819.42,127754.4349
5/21/2023,1819.42,1828.98,1797.21,1804.91,161517.8053
5/22/2023,1804.91,1828.27,1792.01,1817.35,237498.9423
5/23/2023,1817.36,1872.5,1815.24,1854.05,396869.6097
5/24/2023,1854.06,1854.09,1777.6,1799.89,420846.1445
5/25/2023,1799.89,1818.81,1761.41,1805.6,350633.0089
5/26/2023,1805.61,1838.2,1796.99,1827.79,275690.6854
5/27/2023,1827.8,1836.12,1812.18,1829.89,138824.9406
5/28/2023,1829.89,1918.65,1823.6,1908.64,378392.4371
5/29/2023,1908.64,1927.62,1873.65,1892.6,313593.4942
5/30/2023,1892.6,1917,1881.19,1900.59,272665.8402
5/31/2023,1900.58,1907.13,1846.95,1873.63,319255.5681
6/1/2023,1873.63,1889.2,1840,1861.78,270496.6097
6/2/2023,1861.78,1910,1847.51,1906.68,313004.0658
6/3/2023,1906.69,1907.92,1881.6,1892.06,148818.2427
6/4/2023,1892.05,1914.63,1884.22,1890.01,172683.0119
6/5/2023,1890,1890.63,1778,1810.5,555361.2683
6/6/2023,1810.49,1898.29,1797.18,1884.64,491407.2174
6/7/2023,1884.65,1897.8,1821.18,1832.13,429196.7064
6/8/2023,1832.12,1861.28,1828.31,1845.64,189270.4853
6/9/2023,1845.65,1855,1827,1840.37,198324.3252
6/10/2023,1840.37,1844.99,1715.03,1751.53,652324.6695
6/11/2023,1751.52,1778.25,1738.72,1752.76,219956.2434
6/12/2023,1752.77,1759.33,1720,1742.57,302132.4819
6/13/2023,1742.57,1770.13,1724.22,1740.12,284268.0018
6/14/2023,1740.12,1750.03,1630.43,1650.95,415847.327
6/15/2023,1650.95,1680.91,1626.01,1666.96,370774.7696
6/16/2023,1666.96,1729.5,1649.86,1717.92,311734.5904
6/17/2023,1717.91,1770,1714.26,1727.76,210914.9216
6/18/2023,1727.75,1747.84,1712,1720.95,156535.0128
6/19/2023,1720.95,1752.19,1698,1737.11,245162.7589
6/20/2023,1737.1,1796.99,1714.72,1791.99,328855.6846
6/21/2023,1791.99,1901,1787.38,1889.11,613755.8869
6/22/2023,1889.1,1933.17,1865.98,1872.01,416714.5719
6/23/2023,1872,1936.42,1861.01,1892.63,401147.9324
6/24/2023,1892.63,1906,1864.77,1874.96,226910.2941
6/25/2023,1874.95,1930,1868.83,1898.8,338757.6158
6/26/2023,1898.8,1909.1,1837.18,1858.97,458743.861
6/27/2023,1858.97,1912.53,1855.19,1889.58,366634.5707
6/28/2023,1889.58,1890.19,1816.56,1828.02,337836.5792
6/29/2023,1828.03,1880,1827.84,1851.99,241844.8281
6/30/2023,1851.99,1948.6,1825.01,1933.79,716538.1035
7/1/2023,1933.8,1944.56,1909.44,1924.5,178373.3688
7/2/2023,1924.5,1959.2,1885.75,1937.48,255852.7832
7/3/2023,1937.49,1976.16,1933.55,1955.54,322102.4295
7/4/2023,1955.55,1967.08,1931.58,1936.2,205525.0984
7/5/2023,1936.19,1942.5,1894.51,1910.36,267633.4783
7/6/2023,1910.35,1958,1846,1846.17,456362.741
7/7/2023,1846.17,1878,1826,1870.91,232944.3466
7/8/2023,1870.92,1876,1842.8,1865.24,125819.8273
7/9/2023,1865.24,1879.36,1856.15,1862.8,135046.3743
7/10/2023,1862.81,1905.5,1846.63,1880.4,247868.1494
7/11/2023,1880.41,1891.99,1862.38,1878.3,177771.6117
7/12/2023,1878.31,1902,1864.37,1871.82,264406.8673
7/13/2023,1871.82,2012.63,1862.59,2004.49,548861.4207
7/14/2023,2004.49,2029.11,1898.39,1937.83,498724.0359
7/15/2023,1937.82,1946.37,1926.23,1931.41,135181.7663
7/16/2023,1931.41,1943.55,1914,1922.11,148667.1051
7/17/2023,1922.12,1936.18,1873.26,1911.2,277159.0349
7/18/2023,1911.21,1917.19,1875.73,1897.21,215780.5006
7/19/2023,1897.21,1922.04,1882.17,1888.63,218045.0005
7/20/2023,1888.64,1929.05,1878,1891.59,292907.5164
7/21/2023,1891.59,1905.74,1884.64,1891.73,165554.0428
7/22/2023,1891.73,1897.35,1851.18,1866.52,131901.6487
7/23/2023,1866.52,1905.25,1857.82,1888.73,153501.0178
7/24/2023,1888.74,1890.86,1833.19,1850,276504.5547
7/25/2023,1850,1868.71,1845.45,1857.66,152251.21
7/26/2023,1857.66,1888,1848.35,1872,272090.5333
7/27/2023,1871.99,1886.11,1854.84,1861.28,163766.4259
7/28/2023,1861.29,1883.39,1856.52,1874.19,138695.7147
7/29/2023,1874.2,1886.58,1869.54,1880.46,72867.0269
7/30/2023,1880.45,1885.3,1848.17,1861.79,158657.5902
7/31/2023,1861.79,1877.4,1851.02,1856.14,168204.4534
8/1/2023,1856.13,1875.62,1813.8,1873.47,358476.0966
8/2/2023,1873.48,1879.74,1821.21,1839.9,254213.0553
8/3/2023,1839.9,1859.12,1826,1835.81,171148.052
8/4/2023,1835.81,1851.31,1815.74,1830.23,187699.4552
8/5/2023,1830.24,1839,1827.5,1836.48,93657.3255
8/6/2023,1836.48,1838.58,1825.86,1830.28,90403.9915
8/7/2023,1830.28,1847,1802,1829.1,224092.9059
8/8/2023,1829.1,1876.51,1826.33,1856.3,236336.03
8/9/2023,1856.3,1871.99,1846.28,1855.35,191926.8343
8/10/2023,1855.36,1865.95,1845.38,1852.47,127321.4553
8/11/2023,1852.47,1857.26,1838.05,1848.84,113209.3103
8/12/2023,1848.84,1854.01,1846.08,1849.93,63292.6476
8/13/2023,1849.94,1862,1834.51,1840.73,120674.1364
8/14/2023,1840.73,1856.5,1835,1845.5,150196.1203
8/15/2023,1845.5,1847.36,1814,1828.98,186081.6989
8/16/2023,1828.98,1831.52,1798.17,1807.81,205430.7368
8/17/2023,1807.81,1809.99,1550,1681.49,812138.2159
8/18/2023,1681.49,1699.4,1641.02,1661.59,538083.1018
8/19/2023,1661.6,1696.72,1654.31,1669.67,231919.0485
8/20/2023,1669.68,1694.75,1662.03,1685.24,195623.5263
8/21/2023,1685.23,1688.59,1649.4,1667.55,250835.1518
8/22/2023,1667.56,1669.38,1580,1634.99,402012.045
8/23/2023,1635,1702.11,1629.05,1679.61,374761.1088
8/24/2023,1679.61,1683.37,1635.28,1661.16,231539.7805
8/25/2023,1661.16,1677.22,1635.51,1653.8,236261.6898
8/26/2023,1653.79,1655.59,1644,1647.04,79175.425
8/27/2023,1647.03,1660.24,1646.32,1658.33,87789.9196
8/28/2023,1658.33,1664.34,1621.75,1653.08,214351.0143
8/29/2023,1653.08,1745.84,1640,1729.42,494371.0823
8/30/2023,1729.41,1730.93,1694.34,1705.23,202841.4402
8/31/2023,1705.23,1729,1630,1645.76,330518.2668
9/1/2023,1645.77,1654.53,1602.33,1629.12,302406.1686
9/2/2023,1629.13,1645,1628.03,1637.03,102145.9476
9/3/2023,1637.02,1647.5,1625.14,1635.84,116767.2862
9/4/2023,1635.84,1644.82,1616.32,1630.51,168010.9056
9/5/2023,1630.52,1648.02,1609.69,1634.45,204365.4907
9/6/2023,1634.46,1670,1609.2,1633.15,219541.0193
9/7/2023,1633.15,1660,1623.4,1648.11,228558.2782
9/8/2023,1648.11,1658.93,1616.21,1636.44,221570.0458
9/9/2023,1636.43,1637.52,1629.74,1635.54,58519.6229
9/10/2023,1635.53,1635.7,1600,1617.42,207957.8428
9/11/2023,1617.42,1619,1531.01,1551.85,417424.8189
9/12/2023,1551.84,1626,1549.67,1592.97,329739.9685
9/13/2023,1592.97,1619.3,1581.88,1607.62,223409.2889
9/14/2023,1607.61,1644.29,1607.05,1626.47,275301.1505
9/15/2023,1626.48,1654.08,1611.42,1641.29,181340.024
9/16/2023,1641.3,1653.17,1631.31,1634.4,99555.4671
9/17/2023,1634.4,1635,1612,1622.48,120227.4117
9/18/2023,1622.48,1669.5,1603.88,1636.66,279041.6978
9/19/2023,1636.66,1661.04,1626.32,1643.12,184282.4258
9/20/2023,1643.13,1649.34,1604.51,1622.26,232844.2347
9/21/2023,1622.27,1625.3,1567.77,1583.94,240627.544
9/22/2023,1583.94,1602.68,1576.58,1593.08,124886.091
9/23/2023,1593.07,1598.24,1587.45,1593.86,64537.1341
9/24/2023,1593.85,1601.12,1570.01,1580.71,137517.8533
9/25/2023,1580.71,1597.5,1563.01,1588.33,176706.9277
9/26/2023,1588.34,1599.78,1580.05,1594.01,125583.0161
9/27/2023,1594.02,1634.1,1583.5,1598.64,274404.4328
9/28/2023,1598.63,1668.21,1598.14,1652.99,331409.7015
9/29/2023,1653,1688,1648.37,1667.45,251975.6728
9/30/2023,1667.45,1694.32,1666.19,1670.89,136924.9141
10/1/2023,1670.89,1751,1668,1733.79,225611.5868
10/2/2023,1733.8,1744,1636.79,1662.4,378575.6898
10/3/2023,1662.41,1670.65,1643,1656.88,198287.1164
10/4/2023,1656.88,1657.66,1625,1646.58,222861.7167
10/5/2023,1646.58,1655.47,1606.73,1611.79,237378.7449
10/6/2023,1611.79,1662,1611.68,1645.03,220507.9286
10/7/2023,1645.03,1647.71,1630.03,1633.57,101241.5732
10/8/2023,1633.56,1641.4,1616.17,1632.84,149424.6635
10/9/2023,1632.85,1636,1546,1580.13,340141.0988
10/10/2023,1580.13,1594.9,1550.55,1567.63,240659.3287
10/11/2023,1567.62,1578.43,1544.26,1566.87,260253.9671
10/12/2023,1566.86,1568.56,1521,1539.61,237221.4977
10/13/2023,1539.61,1575.36,1537.76,1552.16,192205.8736
10/14/2023,1552.16,1561.72,1544.55,1554.94,100314.6754
10/15/2023,1554.94,1567.62,1547.44,1557.77,120311.2738
10/16/2023,1557.78,1639.43,1555.06,1599.42,418510.8644
10/17/2023,1599.41,1600.53,1551.08,1565.01,234817.0699
10/18/2023,1565.01,1585.42,1555.88,1563.44,177750.2253
10/19/2023,1563.45,1574.45,1541.61,1566.57,216217.6675
10/20/2023,1566.57,1630.4,1561.19,1603.89,315995.792
10/21/2023,1603.88,1644.53,1592.36,1628.94,176419.4092
10/22/2023,1628.94,1667.8,1621.1,1663.7,228650.9225
10/23/2023,1663.69,1800,1657.07,1765.46,610931.9663
10/24/2023,1765.47,1854.38,1756.21,1784.98,674055.1375
10/25/2023,1784.98,1817.69,1760,1787.15,354410.8294
10/26/2023,1787.15,1865.54,1762.21,1803.38,431169.0453
10/27/2023,1803.39,1803.91,1744.66,1779.4,274532.6921
10/28/2023,1779.41,1803.23,1770,1776.2,122919.7382
10/29/2023,1776.21,1811.3,1762.66,1795.14,144110.6508
10/30/2023,1795.14,1829.84,1777.77,1809.04,277686.192
10/31/2023,1809.03,1819.41,1780.99,1814.67,258074.5796
11/1/2023,1814.67,1857.66,1783.19,1846.99,471921.6184
11/2/2023,1846.99,1875,1785.01,1800.8,368738.2193
11/3/2023,1800.79,1834.58,1777.11,1832.71,315000.2678
11/4/2023,1832.7,1869.9,1824.03,1855.54,171538.0364
11/5/2023,1855.54,1912.67,1846.11,1891.71,383106.7628
11/6/2023,1891.71,1914.23,1868.48,1900.95,328746.2394
11/7/2023,1900.95,1906.99,1850.32,1885.27,332419.4406
11/8/2023,1885.26,1904.69,1872.51,1888.12,247881.0997
11/9/2023,1888.11,2132,1882.07,2121.32,1100330.324
11/10/2023,2121.33,2136.99,2064.61,2077.72,555573.6495
11/11/2023,2077.72,2089.6,2030.3,2053.17,370966.0372
11/12/2023,2053.16,2066.5,2012.1,2044.68,281907.559
11/13/2023,2044.69,2118,2028.49,2053.65,529143.5815
11/14/2023,2053.65,2064.96,1936.6,1979.39,481909.733
11/15/2023,1979.4,2062.4,1967.01,2058.48,421870.8032
11/16/2023,2058.49,2090.4,1939.1,1961.77,545286.1297
11/17/2023,1961.77,1991.5,1904,1960.82,401100.5069
11/18/2023,1960.82,1971.22,1916,1962.6,279368.2208
11/19/2023,1962.59,2015.75,1942.89,2011.47,251132.6192
11/20/2023,2011.47,2066.4,1990,2021.4,421717.679
11/21/2023,2021.41,2034.6,1931.43,1933.01,490163.9863
11/22/2023,1933.01,2092.46,1928.41,2063.21,466120.5109
11/23/2023,2063.22,2088.94,2040.35,2062.2,250960.6958
11/24/2023,2062.21,2133.02,2059.37,2080.84,426932.5402
11/25/2023,2080.84,2090.54,2065.3,2083.09,138847.393
11/26/2023,2083.1,2094.99,2036.42,2062.33,241262.9136
11/27/2023,2062.34,2071.24,1985.78,2027.5,326073.2298
11/28/2023,2027.5,2075,1995.15,2048.14,283775.9279
11/29/2023,2048.14,2075.7,2019.31,2028.81,254843.7319
11/30/2023,2028.8,2054.75,2020.85,2051.96,243680.0921
12/1/2023,2051.95,2110.87,2045.04,2087.24,372645.586
12/2/2023,2087.24,2186.6,2086.25,2164.74,320979.9768
12/3/2023,2164.75,2217.27,2149,2192.95,257879.1136
12/4/2023,2192.96,2274.28,2191,2243.37,565307.7134
12/5/2023,2243.36,2309.72,2188.33,2293.33,529829.7214
12/6/2023,2293.33,2312.23,2220,2232.7,408338.9056
12/7/2023,2232.7,2382.8,2222,2355.73,485190.0609
12/8/2023,2355.74,2392,2336.34,2358.72,378569.8126
12/9/2023,2358.71,2403,2328.01,2340.49,287771.0664
12/10/2023,2340.48,2377.47,2320,2352.39,200037.2102
12/11/2023,2352.39,2355,2156.62,2225.12,640414.9166
12/12/2023,2225.11,2244.12,2166,2203.46,361588.9087
12/13/2023,2203.47,2284.02,2144.32,2260.16,418916.6154
12/14/2023,2260.16,2332.11,2228.2,2315.32,409508.0931
12/15/2023,2315.32,2317.81,2200,2220.5,333552.6328
12/16/2023,2220.51,2263.4,2210,2228.96,199285.923
12/17/2023,2228.96,2248.68,2191.5,2196.52,225925.7675
12/18/2023,2196.53,2224,2116.6,2219.43,364103.1181
12/19/2023,2219.44,2255,2135.55,2177.91,383551.4049
12/20/2023,2177.9,2266,2156,2202.17,416841.6272
12/21/2023,2202.17,2279.31,2182.98,2239.61,453069.7252
12/22/2023,2239.6,2343.15,2230.59,2324.54,591357.488
12/23/2023,2324.54,2330.65,2265,2308.2,255626.9352
12/24/2023,2308.2,2326.19,2245,2264.05,307951.076
12/25/2023,2264.04,2304.8,2253.1,2271.35,286277.1616
12/26/2023,2271.36,2274.99,2178.45,2230.88,410413.1591
12/27/2023,2230.88,2392.44,2211.88,2378.35,541537.3574
12/28/2023,2378.35,2445.8,2335,2344.15,580459.982
12/29/2023,2344.15,2385.41,2255.34,2299.2,450201.2069
12/30/2023,2299.2,2322.84,2268,2291.68,210539.1327
12/31/2023,2291.68,2321.34,2258.88,2281.87,222175.8779
